title,genre,keywords,poster_url,overview,release_date,rating,budget,revenue,verdict,industry,movie_id
Spider-Man: Brand New Day,Science Fiction Action Adventure,mind control new york city hero mutation secret identity superhero spider villain based on comic sequel transhumanism super power masked vigilante spider web aftercreditsstinger marvel cinematic universe (mcu) masked superhero fight for justice genetic mutation,https://image.tmdb.org/t/p/w300/bjiS5ipwxb9JFy3XRRN4OAilSeX.jpg,Fighting crime full-time as Spider-Man in a world that doesn't remember him—and the pressure of seeing his old friends move on without him—sparks a change in Peter Parker he may not have the power to control. But that transformation might also be the only thing that can stop a shocking new threat to the city and those he loves - a powerful villain no one can even see.,2026-07-29,7.864,225000000,2478502286,🔥 Superhit,Hollywood,969681
Resident Evil,Horror Science Fiction Adventure,outbreak survival zombie based on video game survival horror reboot zombie apocalypse courier service body horror zombie horror,https://image.tmdb.org/t/p/w300/i7UyjfPio0VFHB9rBUZSFyhOoM8.jpg,"Medical courier Bryan unwittingly finds himself fighting for survival as one fateful, horrifying night collapses around him in chaos.",2026-09-16,7.3,75000000,118797401,➖ Average,Hollywood,1423191
The End of Oak Street,Science Fiction Mystery Thriller,teleportation giant snake family relationships suburbia survival dinosaur survival horror neighborhood 1980s suburban nuclear family skeptical survival adventure suburbs,https://image.tmdb.org/t/p/w300/fYXqpgPmHMphSF2W30GbTeJVIa5.jpg,"After a mysterious cosmic event rips Oak Street from suburbia and transports their neighborhood to someplace unknown, the Platt family soon discovers that their very survival depends on them sticking together as they navigate their now unrecognizable surroundings.",2026-08-12,7.0,80000000,120363694,➖ Average,Hollywood,1101383
Coyote vs. Acme,Comedy Adventure Family,"judge lawsuit lawyer courtroom unlikely friendship coyote live action and animation based on magazine, newspaper or article cartoon characters cgi-live action hybrid absurd dramatic celebratory",https://image.tmdb.org/t/p/w300/kYDCl2y0VPvhT5eYWbMRInPoB03.jpg,"After Acme products fail him one too many times in his dogged pursuit of the Roadrunner, Wile E. Coyote decides to hire a billboard lawyer to sue the Acme Corporation.",2026-08-20,7.556,72000000,79825108,➖ Average,Hollywood,1204680
The Odyssey,Adventure Action Fantasy,"ship trojan war greek mythology historical fiction ancient world period drama based on song, poem or rhyme greek history voyage peplum ancient trojan horse mediterranean sea bronze age mythical odyssey sword and sandal epic fantasy",https://image.tmdb.org/t/p/w300/5rhTDKUhPYvpdQIijFIs5VoWsON.jpg,"Odysseus, the legendary King of Ithaca, embarks on a long and perilous journey home following the Trojan War. Throughout his voyage, he is forced to confront the whims of gods, mythological monsters, and trials that stretch both his cunning and his humanity to the breaking point.",2026-07-15,8.019,250000000,1723918419,🔥 Superhit,Hollywood,1368337
Colony,Action Horror Science Fiction,zombie vaccine ambivalent,https://image.tmdb.org/t/p/w300/tN799oUR0f1gUKDYdMNrDaY7I51.jpg,"Professor Se-jeong is thrust into a bloody nightmare when a rapidly mutating virus is released during a biotech conference causing authorities to seal the facility. Trapped inside with no escape, Se-jeong along with a small group of survivors must fight to stay alive while the infected undergo horrific transformations.",2026-05-21,8.1,0,0,,Hollywood,1375646
The Mongoose,Action Thriller,fugitive police pursuit car chase,https://image.tmdb.org/t/p/w300/eSS5mvSG84UUuvtbHel5Yu3Wik4.jpg,"A falsely accused war hero with nothing to lose leads police on an epic televised cross-country car chase, helped by members of his former Special Forces Army battalion and closely monitored by a fascinated public rooting for his safe getaway.",2026-10-29,0.0,0,0,,Hollywood,1294189
Mutiny,Action Thriller,revenge conspiracy one man army cargo ship framed for murder,https://image.tmdb.org/t/p/w300/pu2VxGlpGwffOx292w18b1tv96j.jpg,"After witnessing his billionaire boss' murder and being framed for the crime, Cole Reed boards a cargo ship on a one-man crusade to avenge his boss' death only to discover an international conspiracy.",2026-08-19,6.419,40000000,20824283,📉 Flop,Hollywood,1288445
The Love Hypothesis,Romance Comedy,based on novel or book professor romcom love biologist pretend relationship asexuality fake dating demisexual phd,https://image.tmdb.org/t/p/w300/vfZxVHextAGC70zrNhS8lsROqP1.jpg,"Olive Smith, a biology PhD candidate, and Dr. Adam Carlsen, a hotshot professor and well-known tyrant, enter into a fake relationship, seeing each of their carefully calculated theories on love get thrown into chaos.",2026-09-23,8.2,0,0,,Hollywood,1032863
Zip Wire,Action Thriller,,https://image.tmdb.org/t/p/w300/cO7J0XSVKPlAjUCMWC7DVBn1Py2.jpg,"When her ground-breaking pharmaceutical discovery is stolen and partner murdered, researcher Amy must face her fear of heights to escape nefarious attackers, with the only path to salvation being a treacherous aerial runway. To outsmart the mysterious hostiles, she has to summon every ounce of courage to protect the world-changing scientific discovery — and herself — before it's too late.",2026-08-31,7.6,0,0,,Hollywood,1482547
Moana,Family Fantasy Comedy Adventure,sailboat sea friendship ocean leaving one's family musical remake curse explorer based on movie demigod polynesia sea adventure giant crab animal sidekick seafarer live action remake female explorer,https://image.tmdb.org/t/p/w300/gaet1xQ2nxrG0V1Ep9T20ZMNEIC.jpg,"Teenage Moana answers the Ocean's call and, for the first time, voyages beyond the reef of her island of Motunui with infamous demigod Maui on an unforgettable journey to restore prosperity to her people.",2026-07-08,7.4,250000000,308159595,➖ Average,Hollywood,1108427
Toy Story 5,Animation Family Comedy Adventure,farm island pig horse rescue mission rivalry sequel love stranded wedding tire swing walkie talkie cowgirl blunt cowboy buddy comedy duringcreditsstinger toy comes to life hippo abandonment toilet paper replacement toy frog 3d animation tablet pixar,https://image.tmdb.org/t/p/w300/sfQtVlIHljToOwYjhe21KPGzZWK.jpg,"When Bonnie receives a Lilypad tablet as a gift and becomes obsessed, Buzz, Woody, Jessie and the rest of the gang's jobs become exponentially harder when they have to go head to head with the all-new threat to playtime.",2026-06-17,8.35,250000000,1136476240,🔥 Superhit,Hollywood,1084244
Shape of My Heart,Romance,supernatural older man younger woman relationship body-swap girls' love (gl) age-gap relationship,https://image.tmdb.org/t/p/w300/3r0O6BW9USoZ9mteCVyNKMQriRL.jpg,"A romance about a man and a woman who, due to an unexpected event, end up switching bodies. Despite coming from completely different backgrounds and environments, the two try to overcome the various difficulties that arise from their body swap.",2024-07-06,5.7,0,0,,Hollywood,1285366
Drawn Together,Romance Thriller,based on novel or book kidnapping bodyguard family secrets sexual tension dark romance,https://image.tmdb.org/t/p/w300/6rpvddXbaQPOi0fB2HKWbZ3uUSg.jpg,"Marfil, daughter of a powerful Spanish businessman, sees her life in New York turned upside down when she is kidnapped and released without explanation. Her father hires Sebastian Moore as bodyguard and, forced to spend every minute together, an inevitable attraction ignites in a world where nothing is as it seems.",2026-09-09,6.7,0,0,,Hollywood,1440098
One Last Shot,Action Thriller,betrayal navy seals mercenaries missile defense,https://image.tmdb.org/t/p/w300/niQ4NBh2jqAf1hDZP5m6ReWFAb7.jpg,"Navy Seal Jake Harris must stop a team of mercenaries, led by his disillusioned former comrade, from disabling the US missile defense network.",2026-09-22,7.591,0,0,,Hollywood,1607127
The Fix,Action Thriller,central intelligence agency (cia) war veteran afghanistan war (2001-2021) afghanistan veteran tehran action thriller,https://image.tmdb.org/t/p/w300/yopXjun3ICFfJci2ukcEzceZjUs.jpg,"Disillusioned by the end of the war in Afghanistan, a group of disgraced, war-torn ex-CIA operatives set out to Tehran to take down a life-changing score.",2026-09-10,7.5,32000000,0,,Hollywood,1228834
Pinocchio: Unstrung,Horror Fantasy Mystery,lie puppet killer doll dark fantasy aftercreditsstinger evil puppet toy comes to life mysterious aggressive teamwork absurd slasher horror the twisted childhood universe (tcu),https://image.tmdb.org/t/p/w300/eUJXk3bTvLBi5Zcb0BCedZU7lVL.jpg,"Influenced by a sinister Cricket and created by Geppetto, Pinocchio launches a violent crusade to carve himself into a real boy like his brother James, one piece at a time.",2026-07-22,6.597,500000,821127,➖ Average,Hollywood,1232569
Teenage Sex and Death at Camp Miasma,Comedy Horror Romance,sexuality trauma satire casting loss of virginity remake lesbian relationship marijuana serial killer camp slasher polyamory recluse lgbt camp counselor aftercreditsstinger older woman younger woman relationship talent agent transphobia meta zoom call psychosexual independent film transgender actress filmmaker final girl hilarious nonbinary director audacious bold distorted reality,https://image.tmdb.org/t/p/w300/6Q6Zo6GNXMLP600OJSh6MhW21um.jpg,"After years of slapdash sequels, the Camp Miasma franchise is handed over to an enthusiastic young director for resurrection. But when she visits the original’s star, a now-reclusive actress shrouded in mystery, the two women fall into a blood-soaked world of desire, fear, and delirium.",2026-08-06,6.4,8000000,8525000,➖ Average,Hollywood,1240889
The Runner,Thriller Action,"mother london, england kidnapping son child kidnapping nervous abduction child rescue mother son relationship child abduction serious intimate attorney",https://image.tmdb.org/t/p/w300/uxCaBoYXsDC4A0SqTm3SISj0OwK.jpg,"Maia Marten, a brilliant London lawyer, has her life shattered by a single call on her morning run: her son has been taken. To get him back, she must keep running, obey every ruthless command, and trust no one-each second a test of how far a mother will go to save her child.",2026-09-03,6.754,0,0,,Hollywood,1386315
Obsession,Horror Thriller,obsession supernatural possession wish unrequited love couple absurdism self-harm supernatural horror psychological independent film psychological horror cursed object,https://image.tmdb.org/t/p/w300/bRwnj8WEKBCvmfeUNOukJPwB43K.jpg,"After breaking the mysterious ""One Wish Willow"" to win his crush's heart, a hopeless romantic finds himself getting exactly what he asked for but soon discovers that some desires come at a dark, sinister price.",2026-05-13,8.194,750000,519516701,🔥 Superhit,Hollywood,1339713
Minions & Monsters,Adventure Animation Comedy Family Fantasy,magic sequel alien prequel hollywood spin off henchman filmmaking silent film framing device duringcreditsstinger women's suffrage 1920s humanoid robot 3d animation monsters hilarious vibrant early sound film,https://image.tmdb.org/t/p/w300/4LwvU9SZc8QQzW1X1FAPhNbXnEU.jpg,"This is the rambunctious, ridiculous and totally true story of how the Minions conquered Hollywood, became movie stars, lost everything, unleashed monsters onto the world and then banded together to try and save the planet from the mayhem they had just created.",2026-06-24,7.553,85000000,519033384,🔥 Superhit,Hollywood,1315772
Rage of Stars,Action Science Fiction Thriller,military unit mysterious prophetic visions dark visions,https://image.tmdb.org/t/p/w300/oLld47ZT1I3iecM3OWhIphohQUJ.jpg,"A story about a woman from the International Special Forces Unit, who has a premonition about the impending end of humanity.",2026-08-06,6.691,0,0,,Hollywood,1323244
After Impact,Science Fiction Drama Thriller,asteroid loss love loneliness disaster death strength,https://image.tmdb.org/t/p/w300/yzDuAQCY2n6zzOlBkn6JzhLhY3k.jpg,"After losing his father, Ethan Nichols inherits one of the largest greenhouses in the country, just as the world faces a devastating threat from an approaching asteroid. As society begins to unravel, Ethan grapples with personal betrayal, overwhelming loneliness, and the growing fear that survival may come at the cost of his humanity. Seeking refuge in his family’s bunker, Ethan endures the harsh aftermath of the impact, wrestling with physical injury and emotional despair. When a faint voice crackles over his radio, Ethan discovers he's not as alone as he believed.",2026-09-15,5.917,100000,0,,Hollywood,1751701
Project Sacrifice,Horror Thriller,sacrifice haunting bridge gore based on true story corpse construction ghost project terror surabaya building splatter madura,https://image.tmdb.org/t/p/w300/321rzg1B6RRhcuRgsFHjQ7Xl3XX.jpg,"While investigating their father’s death inside a major bridge construction company, Yuda and his family attempt to prove that the frequent, deadly workplace accidents are actually human sacrifices.",2026-05-13,3.9,0,0,,Hollywood,1469930
Ice Cream Man,Horror Comedy Thriller,gore murder serial killer summer massacre ice cream ice cream man   aftercreditsstinger killer child town independent film absurd ai generated,https://image.tmdb.org/t/p/w300/lNBxToxHWrzmkqeFnf1XADUTxQq.jpg,An idyllic summer town descends into madness when an ice cream man serves kids sweet delights with horrifying results.,2026-08-03,4.592,5500000,7788193,➖ Average,Hollywood,1477712
Dark Nuns,Horror Mystery Thriller Drama,nun ritual supernatural exorcism church catholic occult dreary suspense apathetic,https://image.tmdb.org/t/p/w300/2Abt2GgscAGtGAXTrhH44qPhugI.jpg,"Desperation drives two nuns to perform an exorcism no nun should attempt. With a possessed child at the mercy of evil and the opposition of the Catholic Church, they take on the dangerous forbidden rituals themselves, putting their immortal souls in grave danger. They must confront the terrifying cost of their sacrilegious actions, but one goal remains: the boy must be saved at all costs.",2025-01-24,6.165,0,12140335,,Hollywood,1224993
Project Hail Mary,Science Fiction Adventure,friendship coma based on novel or book bravery sun language barrier space travel space mission alien space memory loss astronaut scientist science teacher save the planet spaceship interspecies friendship,https://image.tmdb.org/t/p/w300/yihdXomYb5kTeSivtFndMy5iDmf.jpg,"Science teacher Ryland Grace wakes up on a spaceship light years from home with no recollection of who he is or how he got there. As his memory returns, he begins to uncover his mission: solve the riddle of the mysterious substance causing the sun to die out. He must call on his scientific knowledge and unorthodox ideas to save everything on Earth from extinction.",2026-03-15,8.639,200000000,684234722,✅ Hit,Hollywood,687163
The Last Sunrise,Romance Drama,spain based on novel or book tension summer woman director chronic illness appreciative audacious comforting enthusiastic,https://image.tmdb.org/t/p/w300/3PWJqDfygN0YNNjWsDUOXclCp3h.jpg,"Ry, a college student with a chronic illness, escapes to Mallorca for the summer with her mother, where she unexpectedly falls for a local and begins to embrace living in the moment. But as her condition worsens and long-hidden family secrets come to light, everything she has found before summer's end is threatened.",2026-08-26,6.799,0,0,,Hollywood,1516698
Facing El Chapo,Crime Action Thriller,fast-paced based on true events,https://image.tmdb.org/t/p/w300/alpf5v4UqSFawPmG9RX03Or4BDk.jpg,Two Mexican officers must survive the final hours of their shift after crossing a ruthless cartel boss.,2026-08-21,8.794,0,0,,Hollywood,1621552
Avengers: Endgame,Adventure Science Fiction Action,superhero time travel space travel time machine based on comic sequel alien invasion superhero team marvel cinematic universe (mcu) alternate timeline father daughter relationship sister sister relationship teamwork,https://image.tmdb.org/t/p/w300/ulzhLuWrPK07P1YkdWQLZnQh1JL.jpg,"After the devastating events of Avengers: Infinity War, the universe is in ruins due to the efforts of the Mad Titan, Thanos. With the help of remaining allies, the Avengers must assemble once more in order to undo Thanos' actions and restore order to the universe once and for all, no matter what consequences may be in store.",2019-04-24,8.2,356000000,2799439100,🔥 Superhit,Hollywood,299534
You+Me - Against the World,Romance Drama,based on novel or book college love teenage love filmmaking,https://image.tmdb.org/t/p/w300/bAbBNVplg7h79sm94OyHeKk8Phz.jpg,"Alma Lancaster, 18, appears to lead a perfect life within a wealthy family who believes she is studying law. In secret, she pursues her true dream: filmmaking. On campus, she meets Vadim Arcadi, 20, a magnetic and solitary rebel with a troubled past. Forced to collaborate on a student film, they clash, grow closer and fall in love — despite themselves. But someone is watching them, determined to tear them apart and expose secrets that could destroy both Alma and Vadim.",2026-09-18,5.7,0,0,,Hollywood,1641629
Vishwanath & Sons,Drama Romance Comedy,age-gap relationship amused bollywood,https://image.tmdb.org/t/p/w300/adDZVEQZnMJ380zPOmVj6vBWHgk.jpg,A celebrated Olympian shooter travels to America looking for a donor to help his sick child — but unexpected romance complicates his search.,2026-08-14,7.3,0,0,,Hollywood,1408162
War of the Worlds,Science Fiction Thriller,government attack privacy surveillance found footage cybersecurity district online privacy screenlife war so bad it’s good,https://image.tmdb.org/t/p/w300/yvirUYrva23IudARHn3mMGVxWqM.jpg,"Will Radford is a top analyst for Homeland Security who tracks potential threats through a mass surveillance program, until one day an attack by an unknown entity leads him to question whether the government is hiding something from him... and from the rest of the world.",2025-07-29,4.033,10000000,0,,Hollywood,755898
Mayday,Action Comedy,cold war fighter pilot u.s. navy behind enemy lines ex kgb buddy comedy bitter action sequence,https://image.tmdb.org/t/p/w300/hVXjX1jLZ1ljFSNGXpjJfbTUOa7.jpg,"When a U.S. Navy pilot on a top-secret mission during the Cold War gets trapped behind enemy lines, his only chance at survival is to form an alliance with an eccentric ex-KGB agent.",2026-09-03,8.053,0,0,,Hollywood,1137844
Backrooms,Horror Mystery Science Fiction,california monster therapist surrealism childhood trauma alcoholism found footage 1990s other dimension based on web series psychological liminal body horror psychological horror liminal space analog horror sci-fi horror bewildered foreboding liminal horror,https://image.tmdb.org/t/p/w300/rhGx6E3qRNMgj3i5su2oukNHwIQ.jpg,A strange doorway appears in the basement of a furniture showroom.,2026-05-27,7.03,10000000,400926624,🔥 Superhit,Hollywood,1083381
PAW Patrol: The Dino Movie,Animation Adventure Family Fantasy Comedy,diamond mine sequel based on cartoon based on toy prehistory dinosaur dog corrupt mayor children's adventure talking animal adventure comedy based on tv series illegal mining awestruck physically disabled,https://image.tmdb.org/t/p/w300/qnin56Syy5rbG7KCaxWY7SPuy6p.jpg,"The Paw Patrol lands on a mysterious dinosaur island after a storm, where they meet Rex, a stranded pup. When Humdinger's reckless mining triggers a volcano, the team faces their biggest rescue mission yet to save the island.",2026-07-23,8.0,40000000,138326933,✅ Hit,Hollywood,1185806
Heart of the Beast,Adventure Thriller,alaska dog special forces military american wilderness man vs nature plane crash survival thriller extreme conditions,https://image.tmdb.org/t/p/w300/1ApfSA8JTqeha3GTFEY8syV4auq.jpg,"After a harrowing plane crash, Special Forces officer James Belmont and his combat dog, Odin, find themselves stranded deep in the Alaskan wilderness. Together, they are forced into a brutal fight for survival against the elements.",2026-09-19,7.7,82000000,0,,Hollywood,1263337
Avengers: Infinity War,Adventure Action Science Fiction,sacrifice magic superhero based on comic space battlefield genocide magical object super power superhero team aftercreditsstinger marvel cinematic universe (mcu) cosmic,https://image.tmdb.org/t/p/w300/7WsyChQLEftFiDOVTGkv3hFpyyt.jpg,"As the Avengers and their allies have continued to protect the world from threats too large for any one hero to handle, a new danger has emerged from the cosmic shadows: Thanos. A despot of intergalactic infamy, his goal is to collect all six Infinity Stones, artifacts of unimaginable power, and use them to inflict his twisted will on all of reality. Everything the Avengers have fought for has led up to this moment - the fate of Earth and existence itself has never been more uncertain.",2018-04-25,8.243,300000000,2052415039,🔥 Superhit,Hollywood,299536
Disclosure Day,Science Fiction Thriller,new york city childhood trauma alien on the run kansas city mind reading alien invasion meteorologist mysterious paranoid whistleblower conspiracy thriller arrogant,https://image.tmdb.org/t/p/w300/AnJ8IQJI23hNpYXVNaythu061Ru.jpg,"A cybersecurity expert becomes a whistleblower after uncovering secrets about aliens, putting him on the run from a corporation. Meanwhile, a meteorologist experiencing strange phenomena joins forces with him to prove there's life beyond our understanding.",2026-06-10,7.474,115000000,241186430,✅ Hit,Hollywood,1275779
Animals,Comedy Thriller,,https://image.tmdb.org/t/p/w300/9fbZdiOI9fRinl44mNm3CYgEtYR.jpg,"Four couples sail the thin line between desire and search for authenticity, in a world where truth is as fragile as their relationships.",2026-02-05,6.28,0,0,,Hollywood,1599993
The Novices,Comedy Drama,,https://image.tmdb.org/t/p/w300/a2SnSbRxMB4vktOxZapaspY2fTC.jpg,"Sister Agnès runs away from her convent in Brittany and seeks refuge in Paris with prostitute Mona Lisa. With absolutely no qualifications, the young novice has a hard job finding work, so Mona Lisa tries to teach her the ropes of the oldest profession of them all!",1970-04-01,4.8,0,0,,Hollywood,82976
Resident Evil: Welcome to Raccoon City,Action Horror Science Fiction,biological weapon orphanage dystopia mutant infection zombie mansion police station based on video game reboot ghost town duringcreditsstinger lockdown 1990s secret experiment bitter disheartening,https://image.tmdb.org/t/p/w300/bArhvjRHl535XMaSh9VjInF2mSZ.jpg,"Once the booming home of pharmaceutical giant Umbrella Corporation, Raccoon City is now a dying Midwestern town. The company’s exodus left the city a wasteland…with great evil brewing below the surface. When that evil is unleashed, the townspeople are forever…changed…and a small group of survivors must work together to uncover the truth behind Umbrella and make it through the night.",2021-11-24,5.933,25000000,41914915,➖ Average,Hollywood,460458
Rosebush Pruning,Comedy Drama Thriller,"based on novel or book dark comedy dysfunctional family catalonia, spain social satire family drama tragicomedy",https://image.tmdb.org/t/p/w300/rsHEVjzxU8cxz1sm3vboj99daNv.jpg,"When an American heir living in a luxurious Spanish villa decides to move in with his girlfriend, his departure triggers a family collapse as his brother uncovers the truth behind their mother's tragic death.",2026-04-23,6.136,0,85294,,Hollywood,1130948
Deep Water,Horror Thriller Adventure,deep sea shark,https://image.tmdb.org/t/p/w300/ZWHxL2ETItcZzeVsVfs6gv3SZ7.jpg,A group of international passengers on a flight from Los Angeles to Shanghai is forced to make an emergency landing in shark-infested waters. The terrified group is forced to work together and overcome their differences if they hope to escape their sinking plane and the frenzy of sharks drawn to the wreckage.,2026-04-30,7.376,40000000,7340233,📉 Flop,Hollywood,1127384
Avatar Aang: The Last Airbender,Animation Adventure Fantasy Action,martial arts extinction quest cultural identity based on tv series anime inspired,https://image.tmdb.org/t/p/w300/3sgnSfNT27Bx5O5ukr7B26mhEQq.jpg,"Avatar Aang, the world's last Airbender, learns of an ancient power that could save his culture from extinction. With the help of his friends, he embarks on a global quest to find it before it falls into the wrong hands and threatens to upend the peace they sacrificed everything to achieve.",2026-07-24,9.153,0,0,,Hollywood,980431
The Mandalorian and Grogu,Action Adventure Science Fiction,galaxy bounty hunter spin off space opera space adventure based on tv series master apprentice relationship,https://image.tmdb.org/t/p/w300/uwMKWjcNID0D9jjplsjkQS2OrB4.jpg,"The evil Empire has fallen, and Imperial warlords remain scattered throughout the galaxy. As the fledgling New Republic works to protect everything the Rebellion fought for, they have enlisted the help of legendary Mandalorian bounty hunter Din Djarin and his young apprentice Grogu.",2026-05-20,7.475,165000000,345166617,✅ Hit,Hollywood,1228710
Portal to Hell,Comedy Horror,hell demon independent film,https://image.tmdb.org/t/p/w300/xuXCPJZjmP2FuGG3U16sI1TYEdR.jpg,"After a debt-collector finds a portal to hell in a washing machine at his local laundromat, he’s propositioned into feeding it sinners to save his neighbor’s soul, maybe even at the expense of his own.",2025-02-22,5.5,0,0,,Hollywood,1405742
Clash of the Thundermans,TV Movie Family Action,superhero family relationships sequel sitcom based on tv series,https://image.tmdb.org/t/p/w300/16oqRrWVzQm6qdGfBxvziZ2UiMT.jpg,"When Chloe develops a destructive new superpower, the Hero League orders her to an elite boarding school for superheroes to learn control of her abilities. Faced with the prospect of sending Chloe away for years, the Thundermans split apart, with Phoebe, Barb and Billy taking her into hiding. Max, Hank, and Nora track their rogue family members, until the two factions face off against each other in a full-on battle for the Thundermans’ future.",2026-09-03,6.7,0,0,,Hollywood,1506560
Batman: Knightfall Part 1: Knightfall,Animation Action Adventure Science Fiction,asylum superhero based on comic masked vigilante hero's fall,https://image.tmdb.org/t/p/w300/360qdtu2hLnqMu8SVHMywn420w1.jpg,"Arkham Asylum has been destroyed, and all its inmates have been unleashed upon Gotham City. As Batman races to round up some of his greatest enemies, he is pushed to his physical and mental limits and into a final confrontation with a new threat: the man called Bane!",2026-06-23,9.2,0,0,,Hollywood,1560520
Zootopia 2,Animation Adventure Comedy Mystery Family,snake bunny fox cop sequel anthropomorphism animals displacement buddy cop buddy comedy complex playful talking animal 3d animation embarrassed excited,https://image.tmdb.org/t/p/w300/oJ7g2CifqpStmoYQyaLQgEU32qO.jpg,"After cracking the biggest case in Zootopia's history, rookie cops Judy Hopps and Nick Wilde find themselves on the twisting trail of a great mystery when Gary De'Snake arrives and turns the animal metropolis upside down. To crack the case, Judy and Nick must go undercover to unexpected new parts of town, where their growing partnership is tested like never before.",2025-11-26,7.675,150000000,1868208796,🔥 Superhit,Hollywood,1084242
Avatar: Fire and Ash,Science Fiction Adventure Fantasy,witch clone space war tribe sequel alien transhumanism family space adventure motion capture family dynamics frantic rival intense,https://image.tmdb.org/t/p/w300/bRBeSHfGHwkEpImlhxPmOcUsaeg.jpg,"In the wake of the devastating war against the RDA and the loss of their eldest son, Jake Sully and Neytiri face a new threat on Pandora: the Ash People, a violent and power-hungry Na'vi tribe led by the ruthless Varang. Jake's family must fight for their survival and the future of Pandora in a conflict that pushes them to their emotional and physical limits.",2025-12-17,7.642,350000000,1485999890,🔥 Superhit,Hollywood,83533
The Shadow's Edge,Action Crime Drama Thriller,race against time ex-cop betrayal nostalgic macau hand to hand combat manhunt hidden agenda dramatic hacked camera system cryptocurrency security breach tracking expert spectacular action scenes surveillance city family stakes,https://image.tmdb.org/t/p/w300/cHKo3m8N1fwvEy2ZEr0xGmmMODV.jpg,Macau Police brings the tracking expert police officer out of retirement to help catch a dangerous group of professional thieves.,2025-08-16,8.286,0,174400000,,Hollywood,1419406
The Shawshank Redemption,Drama Crime,prison friendship police brutality corruption based on novel or book freedom hope prison cell delinquent redemption parole board prison escape wrongful imprisonment interracial friendship framed for murder curious 1940s voiceover wistful admiring amused epic,https://image.tmdb.org/t/p/w300/9cqNxx0GxF0bflZmeSMuL5tnGzr.jpg,"Imprisoned in the 1940s for the double murder of his wife and her lover, upstanding banker Andy Dufresne begins a new life at the Shawshank prison, where he puts his accounting skills to work for an amoral warden. During his long stretch in prison, Dufresne comes to be admired by the other inmates -- including an older prisoner named Red -- for his integrity and unquenchable sense of hope.",1994-09-23,8.73,25000000,28341469,➖ Average,Hollywood,278
Hot Spot,Science Fiction Action Crime Fantasy Thriller,artificial intelligence (a.i.) telepathy post-apocalyptic future hypnosis private detective vagrant woman director seizure cybercrime self-driving car public execution independent film authoritarian regime psychic powers absurd,https://image.tmdb.org/t/p/w300/42egzT6e4CIEdrEo4Xc31DKyGjA.jpg,"Set in a near future society ruled by sentient A.I., a private eye investigates a murder case only to discover a rebel group capable of undermining the digital overlord. As the detective's identity slowly unravels, his world enters a state of hypnotic meltdown.",2026-08-21,5.087,6000000,256350,📉 Flop,Hollywood,813418
Interstellar,Adventure Drama Science Fiction,spacecraft race against time artificial intelligence (a.i.) nasa time warp dystopia expedition time travel space travel wormhole famine hibernation black hole quantum mechanics family relationships space planet astronaut scientist single father space station gravity space adventure time-manipulation cryonics father daughter relationship 2060s audacious enthusiastic,https://image.tmdb.org/t/p/w300/yQvGrMoipbRoddT0ZR8tPoR7NfX.jpg,The adventures of a group of explorers who make use of a newly discovered wormhole to surpass the limitations on human space travel and conquer the vast distances involved in an interstellar voyage.,2014-11-05,8.488,165000000,746606706,🔥 Superhit,Hollywood,157336
Modha Rathri,Romance Comedy,,https://image.tmdb.org/t/p/w300/lZiTSLDLIkW9YS6CWo8uaXZMcO6.jpg,"Two strangers are brought together at an unusual wedding where, in one night, too many surprises unfold and several lies are told, spiraling into chaos that changes everything.",2026-08-21,7.2,0,0,,Hollywood,1685882
母女汽车中心,Romance,softcore,https://image.tmdb.org/t/p/w300/saca8CL9kk22AS5BfMbwSYgMvdp.jpg,"Yeon Ja, a working mother, runs a car center after divorce and is raising her daughter all by herself. Her daughter, Ah Jung, started helping her when she became an adult, however, the customers don't trust weak-looking women to touch machines and the business at the car center is slow. Thanks to Ah Jung's punk boyfriend, Sung Hoon, they came up with an idea to turn the car center into a sexy car center.",2021-01-01,4.0,0,0,,Hollywood,895954
Fall 2: Deadpoint,Thriller,sequel rock climbing sport climbing climb mountain climber,https://image.tmdb.org/t/p/w300/fgSm5ylwiXbIHn8UbUXDjk9RRu4.jpg,"On a perilous climb across Thailand's Mount Kwan, two climbers become trapped thousands of feet above the ground, where vertigo-inducing heights, sheer exposure, and impossible odds turn every moment into a fight for survival.",2026-09-01,6.255,3000000,9256541,✅ Hit,Hollywood,1101412
Supergirl,Action Adventure Science Fiction,galaxy hero superhero villain based on comic space female protagonist dog super power heroine reboot solitude supervillain rescue dog dc universe (dcu),https://image.tmdb.org/t/p/w300/uhzRnTW4DM13UQBvZP3eVNzQTuz.jpg,"When an unexpected and ruthless adversary strikes too close to home, Kara Zor-El, aka Supergirl, reluctantly joins forces with an unlikely companion on an epic, interstellar journey of vengeance and justice.",2026-06-24,6.677,175000000,126366532,📉 Flop,Hollywood,1081003
The Godfather,Drama Crime,based on novel or book loss of loved one love at first sight italy gangster symbolism patriarch europe organized crime mafia religion revenge motive crime family sicilian mafia religious hypocrisy gun violence rise to power gang violence 1940s 1950s mafia war,https://image.tmdb.org/t/p/w300/3bhkrj58Vtu7enYsRolD1fZdja1.jpg,"Spanning the years 1945 to 1955, a chronicle of the fictional Italian-American Corleone crime family. When organized crime family patriarch, Vito Corleone barely survives an attempt on his life, his youngest son, Michael steps in to take care of the would-be killers, launching a campaign of bloody revenge.",1972-03-14,8.687,6000000,245066411,🔥 Superhit,Hollywood,238
Blaze of Love,,,https://image.tmdb.org/t/p/w300/cSOW4av17KfO9K2CRqKCjMbeoMw.jpg,Hong Kong movie,1994-01-01,0.0,0,0,,Hollywood,1156869
The Dark Knight,Action Thriller Crime,sadism chaos secret identity crime fighter superhero anti hero scarecrow based on comic vigilante organized crime tragic hero anti villain criminal mastermind district attorney super power super villain neo-noir bold,https://image.tmdb.org/t/p/w300/qJ2tW6WMUDux911r6m7haRef0WH.jpg,"Batman raises the stakes in his war on crime. With the help of Lt. Jim Gordon and District Attorney Harvey Dent, Batman sets out to dismantle the remaining criminal organizations that plague the streets. The partnership proves to be effective, but they soon find themselves prey to a reign of chaos unleashed by a rising criminal mastermind known to the terrified citizens of Gotham as the Joker.",2008-07-16,8.535,185000000,1004558444,🔥 Superhit,Hollywood,155
Spider-Man: No Way Home,Action Adventure Science Fiction,new york city hero showdown magic loss of loved one secret identity superhero villain portal based on comic sequel vigilante superhero team masked vigilante alternative reality aftercreditsstinger duringcreditsstinger marvel cinematic universe (mcu) masked superhero fight for justice grim teen superhero superhero teamup returning hero teamwork multiverse,https://image.tmdb.org/t/p/w300/1g0dhYtq4irTY1GPXvft6k4YLjm.jpg,"Peter Parker is unmasked and no longer able to separate his normal life from the high-stakes of being a super-hero. When he asks for help from Doctor Strange the stakes become even more dangerous, forcing him to discover what it truly means to be Spider-Man.",2021-12-15,7.947,200000000,1921426073,🔥 Superhit,Hollywood,634649
Black Gold,Horror,,https://image.tmdb.org/t/p/w300/cULEEfczauEprB8IX1S6c62x4E9.jpg,"Ramiro meets Damián again after years without seeing each other. Damián always has some shady business going on. This time he wants to go in a search of a certain treasure hidden in an abandoned convent. Lara, Ramiro's girlfriend, doesn't trust Damián and decides to accompany them. What they don't know is that taking that thing from there could unleash a curse that will haunt them forever, unless they return it just as they found it.",2024-12-06,3.0,0,0,,Hollywood,1386238
The Avengers,Science Fiction Action Adventure,new york city superhero shield based on comic alien invasion superhero team aftercreditsstinger duringcreditsstinger marvel cinematic universe (mcu),https://image.tmdb.org/t/p/w300/RYMX2wcKCBAr24UyPD7xwmjaTn.jpg,"When an unexpected enemy emerges and threatens global safety and security, Nick Fury, director of the international peacekeeping agency known as S.H.I.E.L.D., finds himself in need of a team to pull the world back from the brink of disaster. Spanning the globe, a daring recruitment effort begins!",2012-04-25,8.077,220000000,1518815515,🔥 Superhit,Hollywood,24428
Above & Below,Thriller Crime,shark killer shark open water swimming cartel leader,https://image.tmdb.org/t/p/w300/7bOuu1SRALGwsG2fLCTvRkCmQBj.jpg,A group of friends set off for an unforgettable vacation. What begins as an adventure of partying and diving quickly turns into a nightmare when they are attacked by criminals in open waters.,2026-07-29,6.1,0,328837,,Hollywood,1514682
The Whisper Man,Crime Drama Thriller,based on novel or book serial killer writer abduction father son relationship retired detective,https://image.tmdb.org/t/p/w300/ndRs5lADYm0PeVjuOxaMcInY0o2.jpg,"When his young son vanishes, a widower enlists help from his estranged father, a retired detective who put away the serial killer now linked to the case.",2026-08-27,6.868,50000000,0,,Hollywood,860508
Scary Movie,Comedy,parody sequel slapstick comedy crude humor spoof animated scene slasher horror spoof dildo reboot duringcreditsstinger mother daughter estrangement legacy offensive complex cosmetic surgery weed horror parody social media influencer livestream stoner comedy mocking meta humor gross out raunchy,https://image.tmdb.org/t/p/w300/znHT8peERZRWG1ME3r0Db0EV8k8.jpg,"Twenty-six years after outrunning a suspiciously familiar masked killer, the Core Four are back in the killer's crosshairs and no horror movie IP is safe.",2026-06-03,6.37,30000000,231886052,🔥 Superhit,Hollywood,1273221
Hope,Science Fiction Mystery Action,police chief police officer hunted remote village aliens 20th century grand exhilarated fight for survival unknown entity,https://image.tmdb.org/t/p/w300/1n37BJchWHLiSYQkuFxe5KjB951.jpg,"In the remote South Korean village of Hope Harbor, police chief Bum-seok and officer Sung-ae are called to investigate a mysterious creature wreaking havoc on the community. But all is not as it seems, and perceptions can be misleading. What begins as ignorance plants the seed of disaster, escalating through human conflict into a tragedy of cosmic proportions.",2026-07-15,7.4,46000000,41212538,📉 Flop,Hollywood,1058424
Mad Max: Fury Road,Action Adventure Science Fiction,rescue australia dystopia sandstorm post-apocalyptic future sequel survival on the run peak oil dark future intense desert wasteland convoy attack high-speed chase freedom quest road warfare modified vehicles war boys tyrannical ruler,https://image.tmdb.org/t/p/w300/ulcAi4dKpAjHwYGS08vNyx9H6I9.jpg,"An apocalyptic story set in the furthest reaches of our planet, in a stark desert landscape where humanity is broken, and most everyone is crazed fighting for the necessities of life. Within this world exist two rebels on the run who just might be able to restore order.",2015-05-13,7.638,150000000,378858340,✅ Hit,Hollywood,76341
Runner,Action Comedy Thriller,race against time black market drug cartel,https://image.tmdb.org/t/p/w300/yBKMAIj7clP42UkFejhGDBBoTpb.jpg,"A former soldier is thrown into a brutal race against time when a critical medical delivery makes him and his unlikely partner the targets of a ruthless cartel. As the mission spirals into a deadly manhunt, every detour, delay, and bullet pushes them closer to failure. With betrayal closing in from every side, they must survive the chase and deliver their cargo to save the life of a little girl.",2026-09-07,7.586,0,6432956,,Hollywood,1386315
The Wild Robot,Family Animation Science Fiction Adventure,island based on novel or book parent child relationship fox robot based on children's book kindness goose nostalgic aftercreditsstinger duringcreditsstinger shipwrecked kids adopted son 3d animation audacious woodland animals,https://image.tmdb.org/t/p/w300/wTnV3PCVW5O92JMrFvvrRcV39RU.jpg,"After a shipwreck, an intelligent robot called Roz is stranded on an uninhabited island. To survive the harsh environment, Roz bonds with the island's animals and cares for an orphaned baby goose.",2024-09-12,8.308,78000000,331982078,🔥 Superhit,Hollywood,1184918
Evil Dead Burn,Horror,funeral widow supernatural possession dysfunctional family sequel grief spirit demon spin off family book of the dead evil dead demonic possession death of husband abusive husband supernatural horror body horror ghoulish tragic,https://image.tmdb.org/t/p/w300/uRxrNXQWkHoENm3nwVOZDYSCx2F.jpg,"After her husband's abrupt death, Alice seeks solace with his remaining family — descendants of a leading researcher on demonic possession. As her in-laws transform one by one into creatures that feed on fear, she comes to discover that the vows she took in life survive even in death.",2026-07-07,7.682,20000000,71491178,✅ Hit,Hollywood,1212763
Demon Slayer: Kimetsu no Yaiba Infinity Castle,Animation Action Fantasy,supernatural sequel based on manga demon shounen anime brother sister relationship taisho period,https://image.tmdb.org/t/p/w300/fWVSwgjpT2D78VUh6X8UBd2rorW.jpg,"The Demon Slayer Corps are drawn into the Infinity Castle, where Tanjiro, Nezuko, and the Hashira face terrifying Upper Rank demons in a desperate fight as the final battle against Muzan Kibutsuji begins.",2025-07-18,8.803,20000000,793594078,🔥 Superhit,Hollywood,1311031
The Super Mario Galaxy Movie,Family Comedy Adventure Fantasy Animation,galaxy friendship sibling relationship space travel sequel space based on video game buddy comedy aftercreditsstinger duringcreditsstinger space adventure father son relationship parallel universe brother brother relationship talking animal magic land 3d animation adoring,https://image.tmdb.org/t/p/w300/eJGWx219ZcEMVQJhAgMiqo8tYY.jpg,"Having thwarted Bowser's previous plot to marry Princess Peach, Mario and Luigi now face a fresh threat in Bowser Jr., who is determined to liberate his father from captivity and restore the family legacy. Alongside companions new and old, the brothers travel across the stars to stop the young heir's crusade.",2026-04-01,8.222,110000000,1012203331,🔥 Superhit,Hollywood,1226863
Inception,Action Science Fiction Adventure,mission dreams kidnapping spy allegory intellectual manipulation heist memory dream world subconscious incredulous high concept dream,https://image.tmdb.org/t/p/w300/xlaY2zyzMfkhk0HSC5VUwzoZPU1.jpg,"Cobb, a skilled thief who commits corporate espionage by infiltrating the subconscious of his targets is offered a chance to regain his old life as payment for a task considered to be impossible: ""inception"", the implantation of another person's idea into a target's subconscious.",2010-07-15,8.373,160000000,839030630,🔥 Superhit,Hollywood,27205
The Furious,Action Crime Thriller,martial arts kung fu rescue mission police corruption child trafficking child kidnapping missing wife child rescue relentless vengeance dynamic duo,https://image.tmdb.org/t/p/w300/ivQ1Z3lI1xWvAeGDHBw3CCYZDGJ.jpg,"After a criminal network kidnaps Wang Wei's daughter and the corrupt police refuse to assist him, Wei sets out on his own to locate her. Navin, a tenacious journalist whose wife has mysteriously vanished, is his only ally. In this explosive martial arts showdown, the unlikely duo fights the kidnappers ruthlessly driven by a furious vengeance.",2026-06-10,8.188,20000000,39745080,➖ Average,Hollywood,1280738
Who's That Girl,Comedy Romance,new york city release from prison falsely accused puma lawyer screwball comedy innocent woman eccentric woman lighthearted free-spirited woman,https://image.tmdb.org/t/p/w300/2Yu6ciKKgSWIZAzUg4IrrifO23z.jpg,An uptight New York City tax lawyer gets his life turned upside down one day when he's asked to escort a feisty free-spirited ex-convict who asks him to help prove her innocence of her crime.,1987-08-07,5.531,18500000,7305209,📉 Flop,Hollywood,26827
Deadpool & Wolverine,Action Comedy Science Fiction,hero superhero anti hero mutant breaking the fourth wall aftercreditsstinger duringcreditsstinger marvel cinematic universe (mcu) mutants superhero teamup,https://image.tmdb.org/t/p/w300/8cdWjvZQUExUUTzyp4t6EDMubfO.jpg,"A listless Wade Wilson toils away in civilian life with his days as the morally flexible mercenary, Deadpool, behind him. But when his homeworld faces an existential threat, Wade must reluctantly suit-up again with an even more reluctant Wolverine.",2024-07-24,7.589,200000000,1338073645,🔥 Superhit,Hollywood,533535
Lucky Strike,Action War,world war ii based on true story behind enemy lines battle of the bulge 1940s,https://image.tmdb.org/t/p/w300/7AEBdyGYXumXWmMFeynE8227KeZ.jpg,"A wounded American soldier fights to survive behind enemy lines during WWII's Battle of the Bulge against the Germans, relying on his instinct, spy craft and a hand-radio to evade capture and find his way back to his unit.",2026-06-26,6.8,10000000,803112,📉 Flop,Hollywood,1594914
Practical Magic 2,Romance Fantasy Comedy,witch based on novel or book magic halloween family relationships sequel family legacy,https://image.tmdb.org/t/p/w300/ogwQOLbCfncjvBhFb5l0OmQH8KC.jpg,The Owens sisters must confront the dark curse that threatens to unravel their family once and for all.,2026-09-09,6.175,75000000,46000000,📉 Flop,Hollywood,1302904
The Lord of the Rings: The Return of the King,Adventure Fantasy Action,army based on novel or book elves dwarf magic kingdom obsession bravery castle volcano giant spider sequel honor king madness split personality fantasy world wizard epic battle journey ring companionship magical creature quest live action and animation hero's journey high fantasy wraith sword and sorcery power madness complex trekking good versus evil sword making wistful cheerful comforting melodramatic winged creatures epic fantasy hobbit,https://image.tmdb.org/t/p/w300/rCzpDGLbOoPwLjy3OAm5NUPOTrC.jpg,"As armies mass for a final battle that will decide the fate of the world--and powerful, ancient forces of Light and Dark compete to determine the outcome--one member of the Fellowship of the Ring is revealed as the noble heir to the throne of the Kings of Men. Yet, the sole hope for triumph over evil lies with a brave hobbit, Frodo, who, accompanied by his loyal friend Sam and the hideous, wretched Gollum, ventures deep into the very dark heart of Mordor on his seemingly impossible quest to destroy the Ring of Power.​",2003-12-17,8.506,94000000,1118888979,🔥 Superhit,Hollywood,122
Michael,Music Drama,child abuse sibling relationship 1970s abusive father ambition biography based on true story singer period drama music history price of fame singer-songwriter rise to fame 1980s 1960s music admiring biographical drama music drama biopic,https://image.tmdb.org/t/p/w300/dueFqKLvjftnELZaGYwY7xinfaI.jpg,"The story of Michael Jackson, one of the most influential artists the world has ever known, and his life beyond the music. His journey from the discovery of his extraordinary talent as the lead of the Jackson Five, to the visionary artist whose creative ambition fueled a relentless pursuit to become the biggest entertainer in the world, highlighting both his life off-stage and some of the most iconic performances from his early solo career.",2026-04-22,8.63,250000000,1042616139,🔥 Superhit,Hollywood,936075
The Imitation Game,History Drama Thriller War,england homophobia world war ii mathematician genius biography based on true story male homosexuality code breaking lgbt logician cryptography math genius gay theme inspirational codes,https://image.tmdb.org/t/p/w300/zSqJ1qFq8NXFfi7JeIYMlzyR0dx.jpg,"Based on the real life story of legendary cryptanalyst Alan Turing, the film portrays the nail-biting race against time by Turing and his brilliant team of code-breakers at Britain's top-secret Government Code and Cypher School at Bletchley Park, during the darkest days of World War II.",2014-11-14,7.98,14000000,233555708,🔥 Superhit,Hollywood,205596
Blade Runner 2049,Science Fiction Drama,"future android bounty hunter artificial intelligence (a.i.) dystopia sequel cyberpunk transhumanism los angeles, california las vegas tech noir cyber thriller humanoid robot blade runner 2040s slow burn",https://image.tmdb.org/t/p/w300/gajva2L0rPYkEWjzgFlBXCAVBE5.jpg,"Thirty years after the events of the first film, a new blade runner, LAPD Officer K, unearths a long-buried secret that has the potential to plunge what's left of society into chaos. K's discovery leads him on a quest to find Rick Deckard, a former LAPD blade runner who has been missing for 30 years.",2017-10-04,7.606,150000000,259239658,➖ Average,Hollywood,335984
Practical Magic,Romance Fantasy Comedy,witch based on novel or book magic exorcism halloween haunting aunt niece relationship family history sorcery sister evil spirit love outcast curse police detective witchcraft demonic possession casting spells mysterious abusive boyfriend orphan siblings sisters relationship romantic whimsical enchant family bonds,https://image.tmdb.org/t/p/w300/AwmToSgf2IL3aHv0QRVsR5KvChv.jpg,"Sally and Gillian Owens, born into a magical family, have mostly avoided witchcraft themselves. But when Gillian's vicious boyfriend, Jimmy Angelov, dies unexpectedly, the Owens sisters give themselves a crash course in hard magic. With policeman Gary Hallet growing suspicious, the girls struggle to resurrect Angelov -- and unwittingly inject his corpse with an evil spirit that threatens to end their family line.",1998-10-16,6.813,75000000,94400000,➖ Average,Hollywood,6435
Sultana,Drama Music,,https://image.tmdb.org/t/p/w300/wDebpR4NplIM8EteAGfd51Zdisu.jpg,"Sultana is a drama set in Istanbul's one and only strip club, telling a story of a women, power, rivalry and solidarity. A new Turkish story where women are not victims in a fairy tale, but warriors learning that the 'handsome prince' is often the real monster- and their only salvation is each other. Meral the long reigning queen of the one and only strip club of Istanbul which is Sultana, takes a talented new Belarusian dancer named Anna under her wing. But she soon realizes she has created a rival powerful enough to replace her, and a ruthless power struggle erupts between the two women.",2026-04-17,6.0,0,0,,Hollywood,1656489
Oppenheimer,Drama History,husband wife relationship based on novel or book atomic bomb patriotism new mexico world war ii atomic bomb test physics biography based on true story antisemitism interrogation guilt historical event nuclear weapons communism red scare mccarthyism top secret project moral dilemma usa politics 1940s 20th century manhattan project los alamos,https://image.tmdb.org/t/p/w300/8Gxv8gSFCU0XGDykEGv7zR1n2ua.jpg,The story of J. Robert Oppenheimer's role in the development of the atomic bomb during World War II.,2023-07-19,8.023,100000000,952000000,🔥 Superhit,Hollywood,872585
Loves of a French Pussycat,Comedy,softcore sex comedy,https://image.tmdb.org/t/p/w300/1WGq9cMuj09tnTJ5wdkINOJff04.jpg,"Rolf, a sex-advice columnist and a lecher, has affairs with numerous women, but never a permanent relationship. Suzanne, one of his ex-lovers, offers to bet that no woman can get Rolf to propose marriage, a bet her girlfriend Andrea eagerly accepts. But there's a catch: To win the bet, Andrea must get the womanizing Rolf to commit to marriage without first going to bed with him.",1972-03-09,4.2,0,0,,Hollywood,264980
Harry Potter and the Philosopher's Stone,Adventure Fantasy,"witch school friend friendship london, england based on novel or book magic boarding school male friendship child hero school of witchcraft chosen one bullying school ghost fantasy world wizard pre-teen calm children's adventure based on young adult novel found family teen adventure owl male female friendship admiring adoring teen fantasy",https://image.tmdb.org/t/p/w300/wuMc08IPKEatf9rnMNXvIDxqP4W.jpg,"Harry Potter has lived under the stairs at his aunt and uncle's house his whole life. But on his 11th birthday, he learns he's a powerful wizard—with a place waiting for him at the Hogwarts School of Witchcraft and Wizardry. As he learns to harness his newfound powers with the help of the school's kindly headmaster, Harry uncovers the truth about his parents' deaths—and about the villain who's to blame.",2001-11-16,7.903,125000000,1029374615,🔥 Superhit,Hollywood,671
The Death of Robin Hood,Adventure Drama Action,"robin hood based on myths, legends or folklore grim salvation grimdark",https://image.tmdb.org/t/p/w300/13MmRwmG5NmaMfU8qNrtgGXisiD.jpg,"Grappling with his past after a life of crime and murder, Robin Hood finds himself gravely injured after a battle he thought would be his last. In the hands of a mysterious woman, he is offered a chance at salvation.",2026-06-18,6.2,25000000,3200000,📉 Flop,Hollywood,1284465
The Terminator,Action Thriller Science Fiction,"man vs machine artificial intelligence (a.i.) saving the world laser gun cyborg killer robot shotgun rebel dystopia villain time travel murder female protagonist los angeles, california urban setting future war savior tech noir time paradox action hero griffith observatory good versus evil",https://image.tmdb.org/t/p/w300/qvktm0BHcnmDpul4Hz01GIazWPr.jpg,"In the post-apocalyptic future, reigning tyrannical supercomputers teleport a cyborg assassin known as the ""Terminator"" back to 1984 to kill Sarah Connor, whose unborn son is destined to lead insurgents against 21st century mechanical hegemony. Meanwhile, the human-resistance movement dispatches a lone warrior to safeguard Sarah. Can he stop the virtually indestructible killing machine?",1984-10-26,7.695,6400000,78371200,🔥 Superhit,Hollywood,218
Despicable Me,Animation Comedy Crime Science Fiction Family,moon parent child relationship orphanage villain adoptive father satire life's dream rivalry ballet stealing little girl orphan tomboy intelligent evil doctor duringcreditsstinger supervillain 3d animation,https://image.tmdb.org/t/p/w300/b1BT309QWjtFUlJPLmXmrcHOWEL.jpg,"Determined to prove he's the world's greatest supervillain, Gru hatches an audacious plan to steal the Moon. To pull it off, he adopts three orphaned girls—Margo, Edith, and Agnes—intending to use them as pawns in his scheme. But the unexpected bond they form forces him to question the criminal life he's always known.",2010-07-08,7.262,69000000,543284256,🔥 Superhit,Hollywood,20352
Inside Out,Animation Family Adventure Drama Comedy,"dreams san francisco, california minnesota sadness cartoon disgust ice hockey imaginary friend elementary school family relationships memory fear family anger unicorn running away duringcreditsstinger emotions emotion joy 3d animation psychological drama compassionate empathetic enthusiastic hopeful pixar amigos imaginarios",https://image.tmdb.org/t/p/w300/2H1TmgdfNtsKlU9jKdeNyYL5y8T.jpg,"When 11-year-old Riley moves to a new city, her Emotions team up to help her through the transition. Joy, Fear, Anger, Disgust and Sadness work together, but when Joy and Sadness get lost, they must journey through unfamiliar places to get back home.",2015-06-17,7.906,175000000,857611174,🔥 Superhit,Hollywood,150540
Best of the Best,Comedy,college dance competition female friendship south asian bollywood,https://image.tmdb.org/t/p/w300/dbP661svmn7XZq3TdSmSUI5UKQJ.jpg,"Two childhood besties join UCLA's competitive Bollywood-fusion dance team, only to find the road to the US championships is fiercer than they imagined.",2026-09-18,4.9,0,0,,Hollywood,1514863
Avengers: Doomsday,Science Fiction Action Adventure,superhero based on comic sequel superhero team marvel cinematic universe (mcu) team up multiverse,https://image.tmdb.org/t/p/w300/jzPwsojjFStf5lR5Nm07w2hH56G.jpg,Beloved heroes from three distinct universes are set on a deadly collision course and face an existential threat unlike anything they've ever encountered.,2026-12-16,0.0,0,0,,Hollywood,1003596
The Sheep Detectives,Comedy Family Mystery,shepherd based on novel or book investigation murder aftercreditsstinger murder mystery investigate talking animal inspirational whodunnit animal adventure bumbling detective,https://image.tmdb.org/t/p/w300/iKy5460GdsoknM8ppmGlJbKxAKa.jpg,"George Hardy is a shepherd who reads detective novels to his beloved sheep every night, assuming they can't possibly understand. But when a mysterious incident disrupts life on the farm, the sheep realize they must become the detectives. As they follow the clues and investigate human suspects, they prove that even sheep can be brilliant crime-solvers.",2026-04-30,7.933,75000000,131550648,➖ Average,Hollywood,1301421
Masters of the Universe,Action Fantasy Science Fiction,skeleton superhero nostalgia alien planet based on toy super power reboot aftercreditsstinger duringcreditsstinger warrior sword and planet father son conflict sword and sorcery father daughter relationship based on tv series,https://image.tmdb.org/t/p/w300/oRuyGUHdoaQxWP3SDfafGkStxTC.jpg,"After being separated for 15 years, the Sword of Power leads Prince Adam back to Eternia, where he discovers his home shattered under the fiendish rule of Skeletor. To save his family and his world, Adam must join forces with his closest allies, Teela and Duncan/Man-At-Arms, and embrace his true destiny as He-Man — the most powerful man in the universe.",2026-06-03,7.121,200000000,113763426,📉 Flop,Hollywood,454639
Toy Story 2,Animation Comedy Family,friendship airplane museum prosecution identity crisis villain flea market collector sequel buddy rescue team prospector garage sale duringcreditsstinger toy comes to life personification inanimate objects come to life 3d animation hilarious cheerful pixar,https://image.tmdb.org/t/p/w300/4rbcp3ng8n1MKHjpeqW0L7Fnpzz.jpg,"Andy heads off to Cowboy Camp, leaving his toys to their own devices. Things shift into high gear when an obsessive toy collector named Al McWhiggen, owner of Al's Toy Barn kidnaps Woody. Andy's toys mount a daring rescue mission, Buzz Lightyear meets his match and Woody has to decide where he and his heart truly belong.",1999-10-30,7.623,90000000,497375404,🔥 Superhit,Hollywood,863
Spider-Man: Across the Spider-Verse,Animation Action Adventure Science Fiction,"new york city hero double life sacrifice secret identity superhero villain portal based on comic sequel romance alter ego alternate dimension parenting family alternate version super power brooklyn, new york city superhero team spider bite super villain cliffhanger masked superhero teenage romance young heroes teen superhero teen social issues chelsea alternate universe superhero teamup female superhero slow burn romance interdimensional travel ambiguous cliché enthusiastic vibrant multiverse",https://image.tmdb.org/t/p/w300/8Vt6mWEReuy4Of61Lnj5Xj704m8.jpg,"After reuniting with Gwen Stacy, Brooklyn’s full-time, friendly neighborhood Spider-Man is catapulted across the Multiverse, where he encounters the Spider Society, a team of Spider-People charged with protecting the Multiverse's very existence. But when the heroes clash on how to handle a new threat, Miles finds himself pitted against the other Spiders and must set out on his own to save those he loves most.",2023-05-31,8.349,100000000,690897910,🔥 Superhit,Hollywood,569094
The Last Assassins,Science Fiction Adventure Thriller Action,family secrets revenge survival cyberpunk guardian orphan girl dystopian future post-apocalyptic-world deadly%20fog abandoned lab سايبربانك,https://image.tmdb.org/t/p/w300/dCEvwyR3XlTos78iHZzPa8a3urg.jpg,"After her father is murdered, a young warrior known as “The Kid” and her guardian cross a violent dystopian future in search of the aunt she has never met. The world is trapped in permanent winter and shrouded in deadly fog, and Nobel is bound by an oath to protect the few remaining members of her family. Their journey leads them to an abandoned laboratory, where holograms reveal secrets from the family’s past. But as the boundary between the digital and physical worlds begins to collapse, the young woman may hold the key to what comes next.",2026-07-21,6.0,0,0,,Hollywood,1641580
Hoppers,Adventure Animation Comedy Family Science Fiction,"human vs nature spy beaver oregon, usa transhumanism consciousness aftercreditsstinger duringcreditsstinger human becoming an animal robotic animal mischievous 3d animation amused bold enthusiastic pixar",https://image.tmdb.org/t/p/w300/xjtWQ2CL1mpmMNwuU5HeS4Iuwuu.jpg,"Scientists have discovered how to 'hop' human consciousness into lifelike robotic animals, allowing people to communicate with animals as animals. Animal lover Mabel seizes an opportunity to use the technology, uncovering mysteries within the animal world beyond anything she could have imagined.",2026-03-04,8.149,150000000,389685783,✅ Hit,Hollywood,1327819
Dune: Part Two,Science Fiction Adventure,based on novel or book sandstorm chosen one sequel distant future creature planet desert destiny giant worm space opera sand dune allegorical messiah fall from grace vengeance religious allegory giant creature power ambiguous antagonistic melodramatic,https://image.tmdb.org/t/p/w300/6izwz7rsy95ARzTR3poZ8H6c5pp.jpg,"Follow the mythic journey of Paul Atreides as he unites with Chani and the Fremen while on a path of revenge against the conspirators who destroyed his family. Facing a choice between the love of his life and the fate of the known universe, Paul endeavors to prevent a terrible future only he can foresee.",2024-02-27,8.136,190000000,714844358,✅ Hit,Hollywood,693134
Jurassic World Rebirth,Science Fiction Adventure Action,island secret mission tyrannosaurus rex spinosaurus sequel stranded dinosaur family genetic experiment mosasaurus indifferent,https://image.tmdb.org/t/p/w300/1RICxzeoNCAO5NpcRMIgg1XT6fm.jpg,"Five years after the events of Jurassic World Dominion, covert operations expert Zora Bennett is contracted to lead a skilled team on a top-secret mission to secure genetic material from the world's three most massive dinosaurs. When Zora's operation intersects with a civilian family whose boating expedition was capsized, they all find themselves stranded on an island where they come face-to-face with a sinister, shocking discovery that's been hidden from the world for decades.",2025-06-23,6.259,180000000,869146189,🔥 Superhit,Hollywood,1234821
The Lord of the Rings: The Fellowship of the Ring,Adventure Fantasy Action,based on novel or book elves dwarf magic obsession allegory bravery castle troll battle demon uncle nephew relationship fantasy world dark fantasy journey companionship magical creature live action and animation hero's journey wraith sword and sorcery wonder trekking anxious good versus evil wistful christian allegory magical ring comforting tolkien epic fantasy epic hobbit,https://image.tmdb.org/t/p/w300/6oom5QYQ2yQTMJIbnvbkBL9cHo6.jpg,"Young hobbit Frodo Baggins, after inheriting a mysterious ring from his uncle Bilbo, must leave his home in order to keep it from falling into the hands of its evil creator. Along the way, a fellowship is formed to protect the ringbearer and make sure that the ring arrives at its final destination: Mt. Doom, the only place where it can be destroyed.",2001-12-18,8.445,93000000,871368364,🔥 Superhit,Hollywood,120
Zero Woman 2,Action Thriller,female assassin softcore pink film,https://image.tmdb.org/t/p/w300/sQHeDjwmBQba8E51Mkp5dvgkzeZ.jpg,"When a valuable suitcase is stolen, the mob, petty criminals, and a beautiful agent from the Elite Zero division are pulled into a battle to settle the score.",1995-09-05,5.0,0,0,,Hollywood,44980
Iron Man 2,Adventure Action Science Fiction,technology superhero malibu based on comic sequel revenge aftercreditsstinger marvel cinematic universe (mcu) break out,https://image.tmdb.org/t/p/w300/6WBeq4fCfn7AN0o21W9qNcRF2l9.jpg,"With the world now aware of his dual life as the armored superhero Iron Man, billionaire inventor Tony Stark faces pressure from the government, the press and the public to share his technology with the military. Unwilling to let go of his invention, Stark, with Pepper Potts and James 'Rhodey' Rhodes at his side, must forge new alliances – and confront powerful enemies.",2010-04-28,6.855,200000000,623933331,✅ Hit,Hollywood,10138
Lust Stories 3,Romance Drama,anthology lust bollywood trilogy,https://image.tmdb.org/t/p/w300/cLA83DD1qMEBwbRIYXf29RKjMja.jpg,"Through four bite-sized yet emotionally resonant films, the anthology once again explores lust, love, relationships, and repressed desire, offering fresh perspectives on intimacy, longing, and human connection in all their complexity.",2026-09-18,6.5,0,0,,Hollywood,1451944
The Batman,Crime Mystery Thriller,police psychopath secret identity crime fighter superhero nightclub politician based on comic vigilante organized crime serial killer millionaire social injustice murder investigation aftercreditsstinger masked superhero political corruption neo-noir urban gothic vengeance mayoral election wistful suspenseful tense gloomy,https://image.tmdb.org/t/p/w300/74xTEgt7R36Fpooo50r9T25onhq.jpg,"In his second year of fighting crime, Batman uncovers corruption in Gotham City that connects to his own family while facing a serial killer known as the Riddler.",2022-03-01,7.67,185000000,772775278,🔥 Superhit,Hollywood,414906
Irumudi,Drama Family Action,hindu god father daughter relationship devotional film rural village,https://image.tmdb.org/t/p/w300/sPePQmJRKkB14sGjB7zBkLJkaTW.jpg,An alcoholic with a violent past—living peacefully with his daughter beside a waterfall—decides to take Ayyappa Deeksha (a 41-day spiritual vow and period of intense austerity) at her request.,2026-08-20,6.6,0,0,,Hollywood,1441228
Kraken,Horror Action Thriller,sea monster norwegian folklore cautionary,https://image.tmdb.org/t/p/w300/6kl4oAJgeGmxqNoDu4wk58YpORN.jpg,"A marine biologist is doing research on a fish farm when she encounters several strange occurrences. Along with the brutal deaths of two teenagers, all signs point to the deep fjord; can there be more to the depths than the eye can see?",2026-02-06,6.277,1000000,14329678,🔥 Superhit,Hollywood,1110034
The Matrix,Action Science Fiction,man vs machine martial arts fortune teller artificial intelligence (a.i.) saving the world prophecy philosophy dystopia allegory insurgence chosen one simulated reality  cyberpunk woman director gnosticism,https://image.tmdb.org/t/p/w300/dXNAPwY7VrqMAo51EKhhCJfaGb5.jpg,"Set in the 22nd century, The Matrix tells the story of a computer hacker who joins a group of underground insurgents fighting the vast and powerful computers who now rule the earth.",1999-03-31,8.259,63000000,463517383,🔥 Superhit,Hollywood,603
Insidious: Out of the Further,Horror Thriller,supernatural halloween haunted house cult stalker sequel evil spirit demon dentist other dimension mother daughter relationship insidious supernatural horror horror,https://image.tmdb.org/t/p/w300/4tTrW9dXCByS5wt2pXVWb58zNjz.jpg,"Gemma, a young mother raising her daughter in the house she grew up in, discovers she can travel into The Further, where she possesses an ability to bring what lives there back to the real world.",2026-08-19,6.5,18000000,164514871,🔥 Superhit,Hollywood,1291595
Dr. Jekyll Likes Them Hot,Horror Comedy,,https://image.tmdb.org/t/p/w300/zneBy6Rpjq6cTnoQcoKbhs3Q0sL.jpg,"A lusty young woman decides to use her sexual powers to ""tame"" the evil and murderous Dr. Jekyll.",1979-08-31,5.0,0,0,,Hollywood,42573
Shelter,Action Crime Thriller,home invasion mysterious girl ghosts of the past isolated island child protection audacious solitary life hidden secret close‑quarters combat dangerous escalation storm rescue unexpected threat violent assault protective instinct lone protector intense action thriller siege situation,https://image.tmdb.org/t/p/w300/cv7DeQQ7TOozPoTCBdNJIvWKhU1.jpg,"A man living in self-imposed exile on a remote island rescues a young girl from a violent storm, setting off a chain of events that forces him out of seclusion to protect her from enemies tied to his past.",2026-01-28,7.761,50000000,53933639,➖ Average,Hollywood,1290821
Harry Potter and the Chamber of Secrets,Adventure Fantasy,witch flying car based on novel or book elves magic sword diary child hero school of witchcraft giant spider black magic giant snake sequel ghost nostalgic child driving car wizard aftercreditsstinger christmas complex based on young adult novel admiring amused teen fantasy supernatural mystery,https://image.tmdb.org/t/p/w300/sdEOH0992YZ0QSxgXNIGLq1ToUi.jpg,"Cars fly, trees fight back, and a mysterious house-elf comes to warn Harry Potter at the start of his second year at Hogwarts. Adventure and danger await when bloody writing on a wall announces: The Chamber Of Secrets Has Been Opened. To save Hogwarts will require all of Harry, Ron and Hermione's magical abilities and courage.",2002-11-13,7.707,100000000,876688482,🔥 Superhit,Hollywood,672
Suspicious Practice Room: Special Treatment of Mother's Friend,Drama Romance,softcore,https://image.tmdb.org/t/p/w300/sP1s76Er7RlV9FyfMkrEowE1wk6.jpg,"A sick hospitalization life in a hospital run by a mother's friend. Shin, who injured her leg in an accident, is admitted to the hospital of her mother's friend Ayumi. Unable to bear the cravings accumulated in the increasingly prolonged hospital life, God secretly masturbates and gets caught by nurse Koharu. Rather than being surprised, Koharu covets God's secret place as an excuse for massage. Moreover, it turns out that Ayumi also has a secret secret.",2018-03-06,3.75,0,0,,Hollywood,737057
Superman,Science Fiction Adventure Action,dual identity superhero based on comic dog super power reboot kaiju modern day adaptation aftercreditsstinger duringcreditsstinger epic battle supervillain calm dc universe (dcu) anti-imperialism adoring amused bold cheerful enthusiastic,https://image.tmdb.org/t/p/w300/ldyfo0BKmz5rWtJJKCvwaNS4cJT.jpg,"Superman, a journalist in Metropolis, embarks on a journey to reconcile his Kryptonian heritage with his human upbringing as Clark Kent.",2025-07-09,7.325,225000000,618723803,✅ Hit,Hollywood,1061474
Fight Club,Drama Thriller,dual identity rage and hate based on novel or book nihilism fight support group dystopia insomnia alter ego breaking the fourth wall split personality quitting a job dissociative identity disorder self destructiveness,https://image.tmdb.org/t/p/w300/jSziioSwPVrOy9Yow3XhWIBDjq1.jpg,"A ticking-time-bomb insomniac and a slippery soap salesman channel primal male aggression into a shocking new form of therapy. Their concept catches on, with underground ""fight clubs"" forming in every town, until an eccentric gets in the way and ignites an out-of-control spiral toward oblivion.",1999-10-15,8.437,63000000,100853753,➖ Average,Hollywood,550
Idiots,Comedy Crime,rehabilitation centre road trip rich kid mental health duringcreditsstinger,https://image.tmdb.org/t/p/w300/flpCqxH46pGZD1kNOdYgrVsDoTm.jpg,"Two rock-bottom drivers transport a wealthy teen to rehab, but their simple job spirals into a chaotic journey of drugs, danger, and crime as their passenger derails their plans.",2026-08-20,7.4,0,1194626,,Hollywood,445466
The Devil Wears Prada 2,Comedy Drama,new york city based on novel or book sequel fashion fashion magazine dramedy magazine editor fashion industry fashionista whimsical ambiguous,https://image.tmdb.org/t/p/w300/xTI42pmsP5EDnvsNJPEDubwWBQO.jpg,"Andy Sachs returns to Runway as Miranda Priestly navigates a new media landscape and Runway's position within. The duo reconnect with former assistant Emily Charlton, now the head of a luxury brand that possesses funding which could ensure Runway's survival.",2026-04-29,7.047,100000000,691379651,🔥 Superhit,Hollywood,1314481
I Want Your Sex,Comedy,"eroticism artist satire muse sexual harassment sexual art mansion los angeles, california art gallery masturbation sexual desire threesome dildo missing person bdsm lgbt police interrogation generation z cautionary independent film hilarious amused assertive baffled commanding exhilarated",https://image.tmdb.org/t/p/w300/pR7SIX3AwqdoD96OI44oLG98e7g.jpg,"When a naive young man becomes the sexual muse for a renowned and provocative artist, his dream job quickly turns dangerous as he is drawn into an obsessive world of power, betrayal, and murder.",2026-07-29,6.12,10000000,2000000,📉 Flop,Hollywood,1288059
Avatar,Science Fiction Action Adventure,paraplegic attachment to nature culture clash indigenous space travel space colony tribe alien planet distant future marine battle love affair scientist nature native peoples power relations tribal customs tribal people tribal chief cryonics spiritual community 22nd century save the planet racial discrimination soldiers awestruck bold exhilarated,https://image.tmdb.org/t/p/w300/gKY6q7SjCkAU6FqvqWybDYgUKIF.jpg,"In the 22nd century, a paraplegic Marine is dispatched to the moon Pandora on a unique mission, but becomes torn between following orders and protecting an alien civilization.",2009-12-16,7.61,237000000,2923706026,🔥 Superhit,Hollywood,19995
Pulp Fiction,Thriller Crime Comedy,"drug dealer drug crime gangster dark comedy stolen money crime boss redemption los angeles, california theft couple nonlinear timeline multiple storylines disturbed aggressive neo-noir",https://image.tmdb.org/t/p/w300/vQWk5YBFWF4bZaofAbv0tShwBvQ.jpg,"A burger-loving hit man, his philosophical partner, a drug-addled gangster's moll and a washed-up boxer converge in this sprawling, comedic crime caper. Their adventures unfurl in three stories that ingeniously trip back and forth in time.",1994-09-10,8.48,8000000,213928762,🔥 Superhit,Hollywood,680
F1,Action Drama,sports comeback racing race car driver sport competition aftercreditsstinger beforecreditsstinger rookie formula one (f1) motorsport car racing disdainful exhilarated joyful,https://image.tmdb.org/t/p/w300/9PXZIUsSDh4alB80jheWX4fhZmy.jpg,Racing legend Sonny Hayes is coaxed out of retirement to lead a struggling Formula 1 team—and mentor a young hotshot driver—while chasing one more chance at glory.,2025-06-25,7.828,300000000,634142436,✅ Hit,Hollywood,911430
Swapped,Adventure Animation Family Fantasy,wolf buddy body-swap forest fire woodlands forest lore bird 3d animation enchant animal adventure,https://image.tmdb.org/t/p/w300/tHhxWxge06goXU6ZQH1hj7vK8Hd.jpg,"A small woodland creature and a majestic bird, two natural sworn enemies of the Valley, magically trade places and set off on an adventure of a lifetime to switch back. Their journey soon uncovers a greater threat—one that could endanger not only their species, but the entire valley they call home.",2026-05-01,8.869,7,7,➖ Average,Hollywood,1007757
Your Heart Will Be Broken,Romance,based on novel or book,https://image.tmdb.org/t/p/w300/7wIBfBl2gejt6xHxNSK0reVIm7E.jpg,"High school student Polina is saved from bullying at her new school and makes a deal with the main bully Bars: he must pretend to be her boyfriend and protect her, and she must do everything he says. During this game, the couple develops real feelings, but her family and classmates have reasons to separate the lovers.",2026-03-26,7.089,3716000,7578000,✅ Hit,Hollywood,1523145
The Punisher: One Last Kill,Action Drama Crime,new york city post-traumatic stress disorder (ptsd) gun anti hero hallucination based on comic revenge one man army death of family mental health marvel cinematic universe (mcu) hunted aggressive vigilante justice,https://image.tmdb.org/t/p/w300/qQclTgLMDvGBuUBFGHRipxkEwWR.jpg,"As Frank Castle searches for meaning beyond revenge, an unexpected force pulls him back into the fight.",2026-05-12,8.273,0,0,,Hollywood,1439930
The Housemaid,Mystery Thriller,based on novel or book manipulation psychological thriller housekeeper dominance attic housemaid enigmatic adaptation secret mystery suspense thriller antagonistic authoritarian cruel power shift social disparity,https://image.tmdb.org/t/p/w300/cWsBscZzwu5brg9YjNkGewRUvJX.jpg,"Trying to escape her past, Millie Calloway accepts a job as a live-in housemaid for the wealthy Nina and Andrew Winchester. But what begins as a dream job quickly unravels into something far more dangerous—a sexy, seductive game of secrets, scandal, and power.",2025-12-18,7.259,35000000,399644671,🔥 Superhit,Hollywood,1368166
Top Gun: Maverick,Action Drama,fighter pilot u.s. navy sequel nuclear weapons military aircraft carrier naval aviation war,https://image.tmdb.org/t/p/w300/n0YuM4f5lvGAP6MAW2kBIzugXnc.jpg,"After more than thirty years of service as one of the Navy’s top aviators, and dodging the advancement in rank that would ground him, Pete “Maverick” Mitchell finds himself training a detachment of TOP GUN graduates for a specialized mission the likes of which no living pilot has ever seen.",2022-05-21,8.158,170000000,1488732821,🔥 Superhit,Hollywood,361743
The Dog Stars,Science Fiction Thriller Adventure,"based on novel or book dystopia denver, colorado pilot colorado grief pandemic detached lonely man death of wife scavengers loving joyful group dogs post-apocalyptic",https://image.tmdb.org/t/p/w300/A7i16oDi03qrKep5pBfuTWNUTb.jpg,"After the world's population has been ravaged by a pandemic, a man lives a lonesome existence in a Colorado airplane hangar with his dog and a dour gunman he has befriended. When a mysterious transmission comes through on the radio while he’s flying his old Cessna, it sparks a hunt for the provenance of the sound.",2026-08-26,6.6,110000000,37416959,📉 Flop,Hollywood,1384216
Spider-Man,Action Science Fiction,new york city adolescence photographer loss of loved one photography secret identity hostility superhero spider bad boss villain based on comic teenage boy teenage love evil super villain taking responsibility,https://image.tmdb.org/t/p/w300/or6XJBVpcEbIkma0V9zshnbEtx4.jpg,"After being bitten by a genetically altered spider at Oscorp, nerdy but endearing high school student Peter Parker is endowed with amazing powers to become the superhero known as Spider-Man.",2002-05-01,7.356,139000000,821708551,🔥 Superhit,Hollywood,557
Forgotten Island,Animation Adventure Fantasy Comedy Family,island female friendship memory 3d animation filipino filipino mythology filipino culture art shift animesque,https://image.tmdb.org/t/p/w300/myd1K3gefdNAWFsGNRDdMeiK9Qg.jpg,"While celebrating their last night together, high school graduates and best friends Jo and Raissa stumble upon a mysterious portal that transports them to the fantastical island of Nakali. When they discover that the memories of their entire friendship are the price for returning home, Jo and Raissa must race to find a way to leave the island before they forget each other forever.",2026-09-10,7.6,0,0,,Hollywood,1465063
Howl's Moving Castle,Fantasy Animation Adventure,witch flying rain castle scarecrow body exchange hatter bakery curse steampunk demon anime philosophical reflective complex based on young adult novel fantasy magical adventure excited,https://image.tmdb.org/t/p/w300/13kOl2v0nD2OLbVSHnHk8GUFEhO.jpg,"Sophie, a young milliner, is turned into an elderly woman by a witch who enters her shop and curses her. She encounters a wizard named Howl and gets caught up in his resistance to fighting for the king.",2004-09-09,8.387,24000000,236049757,🔥 Superhit,Hollywood,4935
Sacrifice,Adventure Comedy Action,self-fulfilling prophecy satire hostage situation radical movie star disciples rich man unlucky charity benefit existential crisis gala morality & choices,https://image.tmdb.org/t/p/w300/SGH7mlgfDyGgRCi2At62Ljg3zV.jpg,"During a star-studded charity gala brimming with celebrities, billionaires and empty speeches, a movie star in the midst of an existential crisis is taken hostage by a radical warrior and her devoted followers. As the night descends into chaos, both an inward journey and an outward adventure ensue, where the line between performance and belief, salvation and sacrifice, begins to blur.",2026-04-09,5.5,0,0,,Hollywood,1284186
War Machine,Action Science Fiction Thriller,struggle for survival military training afghanistan veteran grim alien hunters alien arrival military sci-fi u.s. army ranger special forces training firefights hostile encounter high‑intensity conflict gore elements veteran soldier remote outpost,https://image.tmdb.org/t/p/w300/ril8yx5SOmj0KjNlftsdfIp00fr.jpg,"On one last grueling mission during Army Ranger training, a combat engineer must lead his unit in a fight against a giant otherworldly killing machine.",2026-02-12,7.493,73000000,0,,Hollywood,1265609
Hibla 2,Drama,softcore sexy,https://image.tmdb.org/t/p/w300/drDsk2ES8YvWFwgWaY9foKaE5xv.jpg,"Two VMX queens, Aliya Raymundo and Margaret Diaz, play reunited childhood friends who share a memorable past and a complicated present: one is a liberated city girl, the other a sheltered country virgin, and both are surrounded by men eager to get a taste of their youth.",2026-06-30,3.0,0,0,,Hollywood,1723013
Kingdom of Heaven,Drama Action Adventure History War,blacksmith muslim crusade jerusalem catapult swordsman battlefield knight religion epic battle desert battle knight templars 12th century saladin christian ambiguous awestruck sword battle,https://image.tmdb.org/t/p/w300/rNaBe4TwbMef71sgscqabpGKsxh.jpg,"After his wife dies, a blacksmith named Balian is thrust into royalty, political intrigue and bloody holy wars during the Crusades.",2005-05-03,7.091,130000000,218366336,➖ Average,Hollywood,1495
Captain America: Brave New World,Action Thriller Science Fiction,hero usa president the white house superhero based on comic sequel revenge superhuman summit aftercreditsstinger marvel cinematic universe (mcu) sidekick assassination attempt political thriller treaty international relations,https://image.tmdb.org/t/p/w300/pzIddUEMWhWzfvLI3TwxUG2wGoi.jpg,"After meeting with newly elected U.S. President Thaddeus Ross, Sam finds himself in the middle of an international incident. He must discover the reason behind a nefarious global plot before the true mastermind has the entire world seeing red.",2025-02-12,5.952,180000000,415101577,✅ Hit,Hollywood,822119
Titanic,Drama Romance,ship soulmates shipwreck atlantic ocean evacuation iceberg titanic forbidden love ocean liner based on true story rich woman poor man tragedy tragic love historical fiction class differences love affair historical event sinking ship rich snob tragic romance disaster movie 1910s,https://image.tmdb.org/t/p/w300/9xjZS2rlVxm8SFx8kPC3aIGCOYQ.jpg,"101-year-old Rose DeWitt Bukater tells the story of her life aboard the Titanic, 84 years later. A young Rose boards the ship with her mother and fiancé. Meanwhile, Jack Dawson and Fabrizio De Rossi win third-class tickets aboard the ship. Rose tells the whole story from Titanic's departure through to its death—on its first and last voyage—on April 15, 1912.",1997-12-18,7.9,200000000,2264162353,🔥 Superhit,Hollywood,597
Avatar: The Way of Water,Action Adventure Science Fiction,dying and death loss of loved one alien life-form resurrection dysfunctional family sequel alien planet distant future transhumanism adopted child rebirth motion capture family dynamics adopted son stronger villain complex war bold complicated demeaning exhilarated,https://image.tmdb.org/t/p/w300/t6HIqrRAclMCA60NsSmeqe9RmNV.jpg,"Set more than a decade after the events of the first film, learn the story of the Sully family (Jake, Neytiri, and their kids), the trouble that follows them, the lengths they go to keep each other safe, the battles they fight to stay alive, and the tragedies they endure.",2022-12-14,7.583,460000000,2334484620,🔥 Superhit,Hollywood,76600
The Dark Knight Rises,Action Crime Drama Thriller,airplane fight burglar hostage secret identity crime fighter superhero villainess time bomb based on comic cover-up vigilante tragic hero mobile terrorism destruction fighting criminal underworld cat burglar flood,https://image.tmdb.org/t/p/w300/hr0L2aueqlP2BYUblTTjmtn0hw4.jpg,"Following the death of District Attorney Harvey Dent, Batman assumes responsibility for Dent's crimes to protect the late attorney's reputation and is subsequently hunted by the Gotham City Police Department. Eight years later, Batman encounters the mysterious Selina Kyle and the villainous Bane, a new terrorist leader who overwhelms Gotham's finest. The Dark Knight resurfaces to protect a city that has branded him an enemy.",2012-07-17,7.798,250000000,1081041287,🔥 Superhit,Hollywood,49026
Digger,Comedy Drama,dark comedy satire political satire,https://image.tmdb.org/t/p/w300/1ATXKrIPJyKNwnJ6lcG088Sa6zi.jpg,The most powerful man in the world embarks on a frantic mission to prove he is humanity's savior before the disaster he's unleashed destroys everything.,2026-09-30,9.3,130000000,0,,Hollywood,1248832
Harry Potter and the Prisoner of Azkaban,Adventure Fantasy,witch school friend friendship based on novel or book flying magic bus traitor child hero school of witchcraft black magic time travel sequel school best friend werewolf muggle ghost wizard aftercreditsstinger magical creature night bus teenage life christmas school class based on young adult novel magic spell enchant teen fantasy,https://image.tmdb.org/t/p/w300/aWxwnYoe8p2d2fcxOqtvAtJ72Rw.jpg,Harry Potter's life is in danger once more as dangerous wizard Sirius Black has escaped from Azkaban Prison and is heading to Hogwarts.,2004-05-31,8.012,130000000,789804554,🔥 Superhit,Hollywood,673
Guardians of the Galaxy Vol. 3,Science Fiction Adventure Action,hero superhero mad scientist based on comic sequel superhero team space opera raccoon aftercreditsstinger duringcreditsstinger marvel cinematic universe (mcu) cosmic outer space chosen family empathetic,https://image.tmdb.org/t/p/w300/r2J02Z2OpNTctfOSN1Ydgii51I3.jpg,"Peter Quill, still reeling from the loss of Gamora, must rally his team around him to defend the universe along with protecting one of their own. A mission that, if not completed successfully, could quite possibly lead to the end of the Guardians as we know them.",2023-05-03,7.932,250000000,845550000,✅ Hit,Hollywood,447365
Dune,Science Fiction Adventure,empire future army based on novel or book prophecy dystopia emperor sand spice chosen one hallucinogen treason baron revenge premonition betrayal space water shortage creature desert knife fight destiny giant worm space opera sand dune messiah complex mother son relationship giant creature,https://image.tmdb.org/t/p/w300/v1tRXZ4JtD2Iv6fjkPvT4GiwslV.jpg,"Paul Atreides, a brilliant and gifted young man born into a great destiny beyond his understanding, must travel to the most dangerous planet in the universe to ensure the future of his family and his people. As malevolent forces explode into conflict over the planet's exclusive supply of the most precious resource in existence - a commodity capable of unlocking humanity's greatest potential - only those who can conquer their fear will survive.",2021-09-15,7.784,165000000,410668500,✅ Hit,Hollywood,438631
My Fault,Drama Romance Thriller,first time forbidden love stepbrother female protagonist underage sex stepsister based on young adult novel enemies to lovers passion and romance car step-sibling romance,https://image.tmdb.org/t/p/w300/w46Vw536HwNnEzOa7J24YH9DPRS.jpg,"Noah must leave her city, boyfriend, and friends to move into William Leister's mansion, the flashy and wealthy husband of her mother Rafaela. As a proud and independent 17 year old, Noah resists living in a mansion surrounded by luxury. However, it is there where she meets Nick, her new stepbrother, and the clash of their strong personalities becomes evident from the very beginning.",2023-06-08,7.728,0,0,,Hollywood,1010581
Pirates of the Caribbean: Dead Man's Chest,Adventure Fantasy Action,witch daughter ship exotic island monster fortune teller compass sequel sword fight pirate cannibal swashbuckler kraken aftercreditsstinger based on theme park ride witty,https://image.tmdb.org/t/p/w300/uXEqmloGyP7UXAiphJUu2v2pcuE.jpg,"Captain Jack Sparrow’s got a blood debt to pay: he owes his soul to the legendary Davy Jones, ghastly Ruler of the Ocean Depths. To escape eternal servitude aboard the Flying Dutchman, ever-crafty Jack must track down the still-beating heart of Jones. But he won’t do it alone: Will Turner and Elizabeth Swann are drawn back into another one of his perilous quests—assuming they can evade execution for aiding a pirate.",2006-07-06,7.39,200000000,1066179747,🔥 Superhit,Hollywood,58
Coco,Family Animation Music Adventure,skeleton mexico guitar afterlife musician holiday villain singer murderer life after death kids day of the dead 3d animation music boy hilarious hopeful modest pixar,https://image.tmdb.org/t/p/w300/6Ryitt95xrO8KXuqRGm1fUuNwqF.jpg,"Despite his family’s baffling generations-old ban on music, Miguel dreams of becoming an accomplished musician like his idol, Ernesto de la Cruz. Desperate to prove his talent, Miguel finds himself in the stunning and colorful Land of the Dead following a mysterious chain of events. Along the way, he meets charming trickster Hector, and together, they set off on an extraordinary journey to unlock the real story behind Miguel's family history.",2017-10-27,8.197,175000000,814641172,🔥 Superhit,Hollywood,354912
Tony,Drama Comedy,"new jersey 1970s lie restaurant crush food summer chef aspiring writer dishwasher provincetown, massachusetts culinary arts late coming of age book writing independent film biographical drama drama comedy biographical comedy biopic",https://image.tmdb.org/t/p/w300/uwZF5guNR5EnXkjIVTk4UPTVGiS.jpg,"A 19-year-old Anthony Bourdain travels to Provincetown and stumbles into the chaotic world of a restaurant kitchen, setting off a summer that will shape the course of his life.",2026-08-07,7.593,15000000,18131048,➖ Average,Hollywood,1329016
Forrest Gump,Comedy Drama Romance,"new year's eve vietnam war vietnam veteran mentally disabled friendship usa president washington dc, usa post-traumatic stress disorder (ptsd) waitress based on novel or book hippie single parent parent child relationship optimism 1970s drug addiction autism alabama black panther party bus stop family relationships chameleon single mother military anti war protest 1960s simpleton college american football mother son relationship america feelgood dramatic",https://image.tmdb.org/t/p/w300/Cw4hIUIAmSYfK9QfaUW5igp9La.jpg,"A man with a low IQ has accomplished great things in his life and been present during significant historic events—in each case, far exceeding what anyone imagined he could do. But despite all he has achieved, his one true love eludes him.",1994-06-23,8.461,55000000,677387716,🔥 Superhit,Hollywood,13
Don't Look Down,Drama Romance,eroticism sleepwalking somnambulist,https://image.tmdb.org/t/p/w300/s7igxMxtKQKHdnDxnSAJej7RTGp.jpg,A sexy Spanish siren named Elvira schools a young man in tantric lovemaking.,2008-10-18,5.739,0,0,,Hollywood,45722
Super Troopers 3,Comedy Crime Mystery,police cop engagement sequel interracial romance wedding indian wedding,https://image.tmdb.org/t/p/w300/iZK7dZXAZEqAt5TYionYretrgWg.jpg,"When Farva’s wildly over-the-top Indian engagement to Thorny’s sister spirals into chaos, the Super Troopers must navigate Thorny’s schemes to break up the relationship, while trying to crack a pernicious new drug ring  — all to save the day and maybe the wedding itself.",2026-08-06,6.9,20000000,6858200,📉 Flop,Hollywood,675871
In the Grey,Action Thriller,mission heist agent dangerous mission irreverent provocative intense audacious enthusiastic sarcastic,https://image.tmdb.org/t/p/w300/dQgIcW6Th08kMRf2HBoYWoFE6OD.jpg,"A covert team of elite operatives are living in the shadows. When a ruthless despot steals a billion-dollar fortune, they're sent to take it back—an impossible heist that erupts into a deadly game of strategy, deception and survival.",2026-05-13,7.569,70000000,27117528,📉 Flop,Hollywood,1122573
Spider-Man: Homecoming,Action Adventure Science Fiction,"high school new york city washington dc, usa secret identity superhero based on comic coming of age reboot aftercreditsstinger duringcreditsstinger marvel cinematic universe (mcu) masked superhero teen superhero lighthearted",https://image.tmdb.org/t/p/w300/c24sv2weTHPsmDa7jEMN0m2P3RT.jpg,"Following the events of Captain America: Civil War, Peter Parker, with the help of his mentor Tony Stark, tries to balance his life as an ordinary high school student in Queens, New York City, with fighting crime as his superhero alter ego Spider-Man as a new threat, the Vulture, emerges.",2017-07-05,7.333,175000000,880978185,🔥 Superhit,Hollywood,315635
Spider-Man: Into the Spider-Verse,Animation Action Adventure Science Fiction,superhero based on comic aftercreditsstinger alternate universe,https://image.tmdb.org/t/p/w300/iiZZdoQBEYBv6id8su7ImL0oCbD.jpg,"Struggling to find his place in the world while juggling school and family, Brooklyn teenager Miles Morales is unexpectedly bitten by a radioactive spider and develops unfathomable powers just like the one and only Spider-Man. While wrestling with the implications of his new abilities, Miles discovers a super collider created by the madman Wilson ""Kingpin"" Fisk, causing others from across the Spider-Verse to be inadvertently transported to his dimension.",2018-12-06,8.401,90000000,394884133,🔥 Superhit,Hollywood,324857
Chapo: El Escape Del Siglo,Thriller Action Adventure Crime,police drug trafficking drug dealing corrupt system narco,https://image.tmdb.org/t/p/w300/khAED7ox0Dfk4Ef5LAf6jPEe4oy.jpg,A famous drug kingpin escapes from prison. The mexican president wants him back in jail whereas the U.S. government wants him dead.,2016-01-15,5.5,0,0,,Hollywood,377670
The Green Mile,Fantasy Drama Crime,mentally disabled death penalty based on novel or book southern usa psychopath death row jail guard supernatural great depression prison guard jail electric chair capital punishment torture magic realism healing 1930s abuse of power prison drama,https://image.tmdb.org/t/p/w300/8VG8fDNiy50H4FedGwdSVUPoaJe.jpg,"A supernatural tale set on death row in a Southern prison, where gentle giant John Coffey possesses the mysterious power to heal people's ailments. When the cell block's head guard, Paul Edgecomb, recognizes Coffey's miraculous gift, he tries desperately to help stave off the condemned man's execution.",1999-12-10,8.506,60000000,286801374,🔥 Superhit,Hollywood,497
The Super Mario Bros. Movie,Family Comedy Adventure Fantasy Animation,gorilla plumber affectation villain anthropomorphism based on video game toad aftercreditsstinger duringcreditsstinger damsel in distress piano brother brother relationship 3d animation evil king adoring,https://image.tmdb.org/t/p/w300/qNBAXBIQlnOThrVvA6mA2B5ggV6.jpg,"While working underground to fix a water main, Brooklyn plumbers—and brothers—Mario and Luigi are transported down a mysterious pipe and wander into a magical new world. But when the brothers are separated, Mario embarks on an epic quest to find Luigi.",2023-04-05,7.6,100000000,1360879735,🔥 Superhit,Hollywood,502356
Harry Potter and the Goblet of Fire,Adventure Fantasy,witch based on novel or book magic maze school of witchcraft black magic sequel tournament dragon wizard teenage hero based on young adult novel teen adventure teen fantasy,https://image.tmdb.org/t/p/w300/fECBtHlr0RB3foNHDiCBXeg9Bv9.jpg,"When his name emerges from the Goblet of Fire, Harry Potter becomes a competitor in a grueling battle for glory among three wizarding schools. Signs of Voldemort's return emerge as Harry's friends help him prepare for the Triwizard Tournament.",2005-11-16,7.802,150000000,895921036,🔥 Superhit,Hollywood,674
PAW Patrol: The Mighty Movie,Adventure Animation Comedy Family Science Fiction,superhero cartoon mad scientist sequel dog animals kids elasticity based on tv series 3d animation,https://image.tmdb.org/t/p/w300/aTvePCU7exLepwg5hWySjwxojQK.jpg,"A magical meteor crash lands in Adventure City and gives the PAW Patrol pups superpowers, transforming them into The Mighty Pups.",2023-09-21,6.9,30000000,202231360,🔥 Superhit,Hollywood,893723
One Night Only,Romance Comedy,new york city romcom meet cute searching for love single man single woman lyrical strangers lighthearted romantic enthusiastic,https://image.tmdb.org/t/p/w300/f1v8IcYcQggeq1N0unoMJMrzTd9.jpg,Two love-starved strangers crash into each other on the one night of the year when single people are allowed to have sex.,2026-08-06,6.51,25000000,15728345,📉 Flop,Hollywood,1433367
The Lord of the Rings: The Two Towers,Adventure Fantasy Action,mission based on novel or book elves dwarf magic obsession allegory bravery castle reincarnation sequel split personality fantasy world wizard epic battle journey companionship live action and animation hero's journey high fantasy wraith sword and sorcery trekking evil spell good versus evil winged creatures tolkien epic fantasy hobbit,https://image.tmdb.org/t/p/w300/5VTN0pR8gcqV3EPUHHfMGnJYN9L.jpg,"Frodo Baggins and the other members of the Fellowship continue on their sacred quest to destroy the One Ring--but on separate paths. Their destinies lie at two towers--Orthanc Tower in Isengard, where the corrupt wizard Saruman awaits, and Sauron's fortress at Barad-dur, deep within the dark lands of Mordor.",2002-12-18,8.4,79000000,926287400,🔥 Superhit,Hollywood,121
Harry Potter and the Deathly Hallows: Part 2,Adventure Fantasy,witch dying and death saving the world based on novel or book self sacrifice magic school of witchcraft sequel sorcerer school battle ghost wizard teenage hero christmas based on young adult novel good versus evil dramatic appreciative excited teen fantasy,https://image.tmdb.org/t/p/w300/c54HpQmuwXjHq2C9wmoACjxoom3.jpg,"Harry, Ron and Hermione continue their quest to vanquish the evil Voldemort once and for all. Just as things begin to look hopeless for the young wizards, Harry discovers a trio of magical objects that endow him with powers to rival Voldemort's formidable skills.",2011-07-12,8.08,125000000,1341511219,🔥 Superhit,Hollywood,12445
Mortal Kombat II,Action Fantasy Adventure,martial arts magic ninja fighter gore sequel god alternate dimension ninja fighting based on video game martial arts tournament struggling actor hand to hand combat aggressive amused,https://image.tmdb.org/t/p/w300/hwRdDFIhaEmpRgoki805YvyyjZf.jpg,"The fan favorite champions—now joined by Johnny Cage himself—are pitted against one another in the ultimate, no-holds barred, gory battle to defeat the dark rule of Shao Kahn that threatens the very existence of the Earthrealm and its defenders.",2026-05-06,7.806,80000000,129470110,➖ Average,Hollywood,931285
Toy Story,Family Comedy Animation Adventure,rescue friendship mission jealousy villain bullying elementary school rivalry anthropomorphism friends computer animation buddy walkie talkie toy car nostalgic boy next door new toy neighborhood toy comes to life resourcefulness toy 3d animation joyous amused comforting pixar,https://image.tmdb.org/t/p/w300/uXDfjJbdP4ijW5hWSBrPrlKpxab.jpg,"Led by Woody, Andy's toys live happily in his room until Andy's birthday brings Buzz Lightyear onto the scene. Afraid of losing his place in Andy's heart, Woody plots against Buzz. But when circumstances separate Buzz and Woody from their owner, the duo eventually learns to put aside their differences.",1995-11-22,7.989,30000000,962301978,🔥 Superhit,Hollywood,862
Moana 2,Adventure Animation Comedy Family Fantasy,sea ocean villain musical sequel coming of age explorer duringcreditsstinger polynesia giant crab seafarer 3d animation hopeful female explorer,https://image.tmdb.org/t/p/w300/aLVkiINlIeCkcZIzb7XHzPYgO6L.jpg,"After receiving an unexpected call from her wayfinding ancestors, Moana journeys alongside Maui and a new crew to the far seas of Oceania and into dangerous, long-lost waters for an adventure unlike anything she's ever faced.",2024-11-21,6.994,150000000,1059242164,🔥 Superhit,Hollywood,1241982
KPop Demon Hunters,Fantasy Music Comedy Animation,double life loyalty supernatural musical female friendship female protagonist demon self-doubt sing-along girl power duringcreditsstinger demon hunter girl group boy band fandom k-pop chibi action comedy found family south korea korean 3d animation half demon save the world self-redemption ramen noodles k-pop group trio hidden secret animesque,https://image.tmdb.org/t/p/w300/zT7Lhw3BhJbMkRqm9Zlx2YGMsY0.jpg,"When K-pop superstars Rumi, Mira and Zoey aren't selling out stadiums, they're using their secret powers to protect their fans from supernatural threats.",2025-06-20,7.997,100000000,24619953,📉 Flop,Hollywood,803796
Under Your Feet,Horror,,https://image.tmdb.org/t/p/w300/sk5DjLp7x9cmi0V1423YJmIVJbC.jpg,"Isabel moves with her two children into a very prestigious building that has a very peculiar admission method but at a very affordable rental fee. Once approved and settled, three elderly neighbors from the lower floor will turn their lives upside down.",2026-02-19,5.0,0,0,,Hollywood,1180894
Lee Cronin's The Mummy,Horror Mystery,journalist egypt monster ritual kidnapping pyramid investigation supernatural mummy possession disappearance curse demon tomb missing person mysterious monster movie supernatural horror body horror bewildered frightened,https://image.tmdb.org/t/p/w300/1q308iixueCU4pFtSYugNOevtNx.jpg,"The young daughter of a journalist disappears into the desert without a trace—eight years later, the broken family is shocked when she is returned to them, as what should be a joyful reunion turns into a living nightmare.",2026-04-15,7.867,22000000,90552113,🔥 Superhit,Hollywood,1304313
Big Hero 6,Adventure Family Animation Action Comedy,"friendship martial arts hero sibling relationship san francisco, california superhero talent cartoon villain based on comic coming of age revenge tokyo, japan best friend another dimension robot east asian lead boy genius super villain aftercreditsstinger villain arrested supervillain moral dilemma teen superhero dead brother loving 3d animation depressing hopeful",https://image.tmdb.org/t/p/w300/2mxS4wUimwlLmI1xp6QW6NSU361.jpg,"A special bond develops between plus-sized inflatable robot Baymax, and prodigy Hiro Hamada, who team up with a group of friends to form a band of high-tech heroes.",2014-10-24,7.725,165000000,657870525,✅ Hit,Hollywood,177572
Finding Nemo,Animation Family Adventure,"fish sydney, australia parent child relationship anthropomorphism harbor underwater shark pelican fish tank great barrier reef sea turtle missing child aftercreditsstinger duringcreditsstinger short-term memory loss clownfish father son reunion protective father 3d animation enthusiastic hopeful sympathetic pixar",https://image.tmdb.org/t/p/w300/eHuGQ10FUzK1mdOY69wF5pGgEf5.jpg,"Nemo, an adventurous young clownfish, is unexpectedly taken from his Great Barrier Reef home to a dentist's office aquarium. It's up to his worrisome father Marlin and a friendly but forgetful fish Dory to bring Nemo home -- meeting vegetarian sharks, surfer dude turtles, hypnotic jellyfish, hungry seagulls, and more along the way.",2003-05-30,7.821,94000000,940335536,🔥 Superhit,Hollywood,12
Back to the Future,Adventure Comedy Science Fiction,flying car race against time clock tower car race lightning guitar inventor journey in the past invention time travel bullying mad scientist love fish out of water terrorism teenage love destiny burlesque hidden identity teenage life changing the past or future kids 1950s lighthearted excited optimistic,https://image.tmdb.org/t/p/w300/vN5B5WgYscRGcQpVhHl6p9DDTP0.jpg,"Eighties teenager Marty McFly is accidentally sent back in time to 1955, inadvertently disrupting his parents' first meeting and attracting his mother's romantic interest. Marty must repair the damage to history by rekindling his parents' romance and - with the help of his eccentric inventor friend Doc Brown - return to 1985.",1985-07-03,8.33,19000000,381109762,🔥 Superhit,Hollywood,105
The Lion King,Animation Family Drama,father murder loss of loved one africa lion cartoon manipulation villain redemption musical uncle coming of age murder shaman king animals nature father son relationship awestruck,https://image.tmdb.org/t/p/w300/sKCr78MXSLixwmZ8DyJLrpMsd15.jpg,"Young lion prince Simba, eager to one day become king of the Pride Lands, grows up under the watchful eye of his father Mufasa; all the while his villainous uncle Scar conspires to take the throne for himself. Amid betrayal and tragedy, Simba must confront his past and find his rightful place in the Circle of Life.",1994-06-15,8.25,45000000,763455561,🔥 Superhit,Hollywood,8587
The Hunger Games: Mockingjay - Part 1,Science Fiction Adventure Thriller,based on novel or book resistance dystopia post-apocalyptic future sequel female protagonist bow and arrow game future war revolt class prejudice human subjugation based on young adult novel,https://image.tmdb.org/t/p/w300/4FAA18ZIja70d1Tu5hr5cj2q1sB.jpg,"After surviving the Quarter Quell, Katniss finds herself in the hidden stronghold of District 13, where the rebellion against the Capitol is gaining momentum. Struggling with the weight of becoming the symbol of resistance, she must navigate fragile alliances while trying to protect those she loves. As propaganda battles rage and Panem moves closer to full-scale war, Katniss is forced to confront the true cost of revolution.",2014-11-19,6.814,125000000,755356711,🔥 Superhit,Hollywood,131631
Gladiator,Action Drama Adventure,"gladiator rome, italy arena senate roman empire parent child relationship emperor slavery ancient rome revenge battlefield slave auction historical fiction ancient world period drama combat chariot philosopher grim barbarian horde 2nd century successor commodus maximus antiquity gladiador",https://image.tmdb.org/t/p/w300/wN2xWp1eIwCKOD0BHTcErTBv1Uq.jpg,"After the death of Emperor Marcus Aurelius, his devious son takes power and demotes Maximus, one of Rome's most capable generals who Marcus preferred. Eventually, Maximus is forced to become a gladiator and battle to the death against other men for the amusement of paying audiences.",2000-05-04,8.23,103000000,465516248,🔥 Superhit,Hollywood,98
A Minecraft Movie,Family Fantasy Comedy Adventure,friendship village surrealism exploration portal miner friends survival zombie based on video game aftercreditsstinger duringcreditsstinger farming journey live action and animation crafting imagination teamwork fantasy exuberant building,https://image.tmdb.org/t/p/w300/yFHHfHcUgGAxziP1C3lLt0q2T4s.jpg,"Four misfits find themselves struggling with ordinary problems when they are suddenly pulled through a mysterious portal into the Overworld: a bizarre, cubic wonderland that thrives on imagination. To get back home, they'll have to master this world while embarking on a magical quest with an unexpected, expert crafter, Steve.",2025-03-31,6.218,150000000,960387780,🔥 Superhit,Hollywood,950387
The Rivals of Amziah King,Thriller Crime Drama,oklahoma envy atmospheric foster home runaway child foster daughter beekeeping beekeeper business rivalry family bonds,https://image.tmdb.org/t/p/w300/j2ajSnvBSb0rvDJrlTWTsxsmHWJ.jpg,"Deep within the backwoods of rural Oklahoma, charismatic and musically gifted Amziah King herds a bluegrass-playing band of misfits while overseeing the premier honey-making operation in town. When Amziah’s estranged foster daughter unexpectedly returns, Amziah leaps at the possibility to renew connection and create a family business. But the honey game is ruthless, and Amziah’s rivals threaten to destroy everything he has built.",2026-08-13,6.821,6000000,3111550,📉 Flop,Hollywood,1124142
Django Unchained,Drama Western,rescue friendship bounty hunter ku klux klan texas slavery plantation revenge racism slave trade black slave 19th century white supremacy deep south old west mississippi,https://image.tmdb.org/t/p/w300/7oWY8VDWW7thTzWh3OKYRkWUlD5.jpg,"With the help of a German bounty hunter, a freed slave sets out to rescue his wife from a brutal Mississippi plantation owner.",2012-12-25,8.192,100000000,425368238,🔥 Superhit,Hollywood,68718
The Maze Runner,Action Mystery Science Fiction Thriller,based on novel or book escape dystopia maze post-apocalyptic future memory loss trapped labyrinth based on young adult novel,https://image.tmdb.org/t/p/w300/ode14q7WtDugFDp78fo9lCsmay9.jpg,"A teenager with no memory of his past finds himself among a group of boys living in a walled enclosure surrounded by a massive, ever-changing maze. As he struggles to adapt to their rules and society, he begins to uncover clues that may lead to escape and the truth behind their confinement.",2014-09-10,7.19,34000000,348319861,🔥 Superhit,Hollywood,198663
Mission: Impossible - The Final Reckoning,Action Thriller Adventure,mask artificial intelligence (a.i.) diving submarine espionage spy nuclear missile fake identity secret agent stunt sequel secret government organization infiltration terrorist plot fictional government agency misinformation government agency based on tv series,https://image.tmdb.org/t/p/w300/iKPsC9EFUafRP9SrUznI61getVP.jpg,"Ethan Hunt and team continue their search for the terrifying AI known as the Entity — which has infiltrated intelligence networks all over the globe — with the world's governments and a mysterious ghost from Hunt's past on their trail. Joined by new allies and armed with the means to shut the Entity down for good, Hunt is in a race against time to prevent the world as we know it from changing forever.",2025-05-17,7.2,400000000,598767057,➖ Average,Hollywood,575265
The Lorax,Animation Family,aftermath tree villain musical family business  money tragic villain consumerism air based on children's book animal killing walled city reforestation tree cutting mad family clothes factory meme social wonder abused child 3d animation casual singing animals fish trio biggering unless admiring amused appreciative awestruck bold enthusiastic,https://image.tmdb.org/t/p/w300/tePFnZFw5JvjwjQjaKkqDPNMLPU.jpg,"A 12-year-old boy searches for the one thing that will enable him to win the affection of the girl of his dreams. To find it he must discover the story of the Lorax, the grumpy yet charming creature who fights to protect his world.",2012-03-01,6.537,70000000,349305397,🔥 Superhit,Hollywood,73723
The Godfather Part II,Drama Crime,new year's eve new york city based on novel or book italian american cuba italy gangster praise blackmail symbolism senator sequel revenge murder betrayal organized crime extortion mafia lawyer suburb sicilian mafia corrupt politician 1950s new year violence,https://image.tmdb.org/t/p/w300/8a1lJs7mFyGhGhZZDT1azJUoQiZ.jpg,"In the continuing saga of the Corleone crime family, a young Vito Corleone grows up in Sicily and in 1910s New York. In the 1950s, Michael Corleone attempts to expand the family business into Las Vegas, Hollywood and Cuba.",1974-12-20,8.572,13000000,102600000,🔥 Superhit,Hollywood,240
GOAT,Animation Comedy Family,underdog friendship sports allies ambition bullying challenge basketball rivalry coming of age anthropomorphism animals intimidation stereotype basketball team basketball player big dreams imaginary world sneakers vulture playful talking animal anthropomorphic animal athlete feelgood inspirational enemy courage heartwarming exciting fantasy sports admiring amused joyful sports comedy,https://image.tmdb.org/t/p/w300/wfuqMlaExcoYiUEvKfVpUTt1v4u.jpg,"A small goat with big dreams gets a once-in-a-lifetime shot to join the pros and play roarball, a high-intensity, co-ed, full-contact sport dominated by the fastest, fiercest animals in the world.",2026-02-11,8.055,90000000,193566330,✅ Hit,Hollywood,1297842
Spirited Away,Animation Family Fantasy,witch parent child relationship darkness bath house magic spirit parallel world amusement park youkai japanese mythology anime,https://image.tmdb.org/t/p/w300/39wmItIWsg5sZMyRUHLkWBcuVCM.jpg,"A young girl, Chihiro, becomes trapped in a strange new world of spirits. When her parents undergo a mysterious transformation, she must call upon the courage she never knew she had to free her family.",2001-07-20,8.535,19000000,274925095,🔥 Superhit,Hollywood,129
The Godfather Part III,Crime Drama Thriller,daughter new york city helicopter assassination italian american italy gangster confession symbolism sequel revenge organized crime mafia lawyer defiant,https://image.tmdb.org/t/p/w300/lm3pQ2QoQ16pextRsmnUbG2onES.jpg,"In the midst of trying to legitimize his business dealings in 1979 New York and Italy, aging mafia don, Michael Corleone seeks forgiveness for his sins while taking a young protege under his wing.",1990-12-25,7.416,54000000,136766062,✅ Hit,Hollywood,242
"Monsters, Inc.",Animation Comedy Family Fantasy,monster panic cheating kidnapping door infant villain portal rivalry energy supply friends hijinks best friend chameleon family parallel world conveyor belt duringcreditsstinger villain arrested invisibility angry energy company conspirators playful 3d animation lighthearted cheerful gentle pixar,https://image.tmdb.org/t/p/w300/wFSpyMsp7H0ttERbxY7Trlv8xry.jpg,"Lovable Sulley and his wisecracking sidekick Mike Wazowski are the top scare team at Monsters, Inc., the scream-processing factory in Monstropolis. When a little girl named Boo wanders into their world, it's the monsters who are scared silly, and it's up to Sulley and Mike to keep her out of sight and get her back home.",2001-11-01,7.857,115000000,579700000,🔥 Superhit,Hollywood,585
The Hobbit: The Battle of the Five Armies,Action Adventure Fantasy,gold corruption based on novel or book elves dwarf mine mountain sequel troll dragon battle unlikely friendship fantasy world wizard epic battle ring invisibility live action and animation high fantasy sword and sorcery dreary good versus evil armies hobbit,https://image.tmdb.org/t/p/w300/xT98tLqatZPQApyRmlPL12LtiWp.jpg,"Following Smaug's attack on Laketown, Bilbo and the dwarves try to defend Erebor's mountain of treasure from others who claim it: the men of the ruined Laketown and the elves of Mirkwood. Meanwhile an army of Orcs led by Azog the Defiler is marching on Erebor, fueled by the rise of the dark lord Sauron. Dwarves, elves and men must unite, and the hope for Middle-Earth falls into Bilbo's hands.",2014-12-10,7.3,250000000,956019788,✅ Hit,Hollywood,122917
The Cat in the Hat,Fantasy Adventure Family Comedy,sibling relationship based on novel or book chaos cat boredom surrealism stepfather slapstick comedy house party police impersonator based on children's book goldfish impersonation talking fish live action and animation mother son relationship mother daughter relationship hilarious,https://image.tmdb.org/t/p/w300/uYYLz67e5xEQMsY858VSSCDsLU6.jpg,"During a rainy day, and while their mother is out, Conrad and Sally, and their pet fish, are visited by the mischievous Cat in the Hat. Fun soon turns to mayhem, and the siblings must figure out how to rid themselves of the maniacal Cat.",2003-11-21,5.4,109000000,133800000,➖ Average,Hollywood,10588
Ocean's Eleven,Thriller Crime,casino pickpocket heist con artist remake caper las vegas inside man security guard ex-wife ex-con card dealer explosives expert security system casino owner professional thief fight night master plan computer hacker distractions museum curator casino vault contortionist,https://image.tmdb.org/t/p/w300/hQQCdZrsHtZyR6NbKH2YyCqd2fR.jpg,"Less than 24 hours into his parole, charismatic thief Danny Ocean is already rolling out his next plan: In one night, Danny's hand-picked crew of specialists will attempt to steal more than $150 million from three Las Vegas casinos. But to score the cash, Danny risks his chances of reconciling with ex-wife, Tess.",2001-12-07,7.5,85000000,450717150,🔥 Superhit,Hollywood,161
Fast X,Action Crime Thriller,sequel revenge betrayal racing family cliffhanger cars bold brisk forceful,https://image.tmdb.org/t/p/w300/fiVW06jE7z9YnO4trhaMEdclSiC.jpg,"Over many missions and against impossible odds, Dom Toretto and his family have outsmarted, out-nerved and outdriven every foe in their path. Now, they confront the most lethal opponent they've ever faced: A terrifying threat emerging from the shadows of the past who's fueled by blood revenge, and who is determined to shatter this family and destroy everything—and everyone—that Dom loves, forever.",2023-05-17,6.98,340000000,704709660,✅ Hit,Hollywood,385687
Once Upon a Time... in Hollywood,Comedy Drama Thriller,"movie business male friendship cult based on true story celebrity fame hollywood los angeles, california historical fiction period drama buddy filmmaking struggling actor satanic cult revisionist history duringcreditsstinger western filmmaking manson family murders 1960s stunt double old hollywood sharon tate charles manson subjective hollywood, california",https://image.tmdb.org/t/p/w300/8j58iEBw9pOXFD2L0nt0ZXeHviB.jpg,"Los Angeles, 1969. TV star Rick Dalton, a struggling actor specializing in westerns, and stuntman Cliff Booth, his best friend, try to survive in a constantly changing movie industry. Dalton is the neighbor of the young and promising actress and model Sharon Tate, who has just married the prestigious Polish director Roman Polanski…",2019-07-24,7.419,95000000,393869691,🔥 Superhit,Hollywood,466272
Solitary,Science Fiction,spacecraft,https://image.tmdb.org/t/p/w300/ApwmbrMlsuOay5rXQA4Kbz7qJAl.jpg,"A man wakes up inside a room to discover he's a prisoner sent into space to form Earth's first colony, and worse - his cell mate Alana is hell bent on destroying everything.",2020-08-31,5.073,0,0,,Hollywood,725273
The Conjuring,Horror Thriller,sibling relationship 1970s cellar exorcism halloween haunted house possession rhode island based on true story paranormal investigation crucifix ghost demonic demonic spirit demonology psychic vision malevolent spirit,https://image.tmdb.org/t/p/w300/wVYREutTvI2tmxr6ujrHT704wGF.jpg,"Paranormal investigators Ed and Lorraine Warren work to help a family terrorized by a dark presence in their farmhouse. Forced to confront a powerful entity, the Warrens find themselves caught in the most terrifying case of their lives.",2013-07-18,7.5,13000000,321293998,🔥 Superhit,Hollywood,138843
Iron Man,Action Science Fiction Adventure,middle east kidnapping superhero arms dealer based on comic aftercreditsstinger marvel cinematic universe (mcu) aggressive counterterrorism antagonistic bold,https://image.tmdb.org/t/p/w300/78lPtwv72eTNqFW9COBYI0dWDJa.jpg,"After being held captive in an Afghan cave, billionaire engineer Tony Stark creates a unique weaponized suit of armor to fight evil.",2008-04-30,7.666,140000000,585174222,🔥 Superhit,Hollywood,1726
Coraline,Animation Family Fantasy Horror,friendship dreams based on novel or book halloween eye stuffed animal stop motion parallel world button new home secret door female villain reality vs fantasy dark fantasy aftercreditsstinger duringcreditsstinger horror for children talking cat parallel universe 3d animation inspirational absurd,https://image.tmdb.org/t/p/w300/4jeFXQYytChdZYE9JYO7Un87IlW.jpg,"Wandering her rambling old house in her boring new town, 11-year-old Coraline discovers a hidden door to a strangely idealized version of her life. In order to stay in the fantasy, she must make a frighteningly real sacrifice.",2009-02-05,7.94,60000000,185860104,✅ Hit,Hollywood,14836
The Fantastic 4: First Steps,Science Fiction Adventure Action,strong woman saving the world superhero based on comic end of the world super power superhero team alternative reality aftercreditsstinger duringcreditsstinger marvel cinematic universe (mcu) silver surfer 1960s retrofuturism teamwork casual romantic antagonistic awestruck enthusiastic team dynamics power awakening planet devourer cosmic entity,https://image.tmdb.org/t/p/w300/nf5qaSEvyYSNeFH0YhSs5EsBLX9.jpg,"Against the vibrant backdrop of a 1960s-inspired, retro-futuristic world, Marvel's First Family is forced to balance their roles as heroes with the strength of their family bond, while defending Earth from a ravenous space god called Galactus and his enigmatic Herald, Silver Surfer.",2025-07-23,6.942,200000000,521858728,✅ Hit,Hollywood,617126
The Good Dinosaur,Adventure Animation Family,friendship tyrannosaurus rex cartoon friends alternate history dinosaur fear storm nature journey kids 3d animation lighthearted enthusiastic pixar,https://image.tmdb.org/t/p/w300/8RSkxOO80btfKjyiC5ZiTaCHIT8.jpg,An epic journey into the world of dinosaurs where an Apatosaurus named Arlo makes an unlikely human friend.,2015-11-14,6.754,175000000,332207671,➖ Average,Hollywood,105864
Gandhari,Action Drama Thriller,,https://image.tmdb.org/t/p/w300/hCHei97aPYCCsh4vicz9X0wmdFV.jpg,"When a mother loses her eyesight and her daughter in a kidnapping, she takes matters into her own hands to hunt down those responsible.",2026-09-03,7.196,0,0,,Bollywood,1355228
Hanuman Ansh,Family Drama,,https://image.tmdb.org/t/p/w300/as2Y3zGUa2IUS3uAx2sh6Ano3es.jpg,"A grieving boy seeks God to meet his departed mother, and in finding the divine, learns to serve humanity with miracles of love, food and silent blessings, becoming Hanuman Ansh, Neem Karoli Baba.",2026-08-07,8.0,0,28640000,,Bollywood,1709391
3 Idiots,Drama Comedy,challenge middle class slapstick comedy coming of age flashback teacher friends engineering university subjective camera smart kid poor kid looking for friend plot twist inspirational student life advice hilarious amused delhi,https://image.tmdb.org/t/p/w300/66A9MqXOyVFCssoloscw79z8Tew.jpg,"Rascal. Joker. Dreamer. Genius... You've never met a college student quite like ""Rancho."" From the moment he arrives at India's most prestigious university, Rancho's outlandish schemes turn the campus upside down—along with the lives of his two newfound best friends. Together, they make life miserable for ""Virus,"" the school’s uptight and heartless dean. But when Rancho catches the eye of the dean's daughter, Virus sets his sights on flunking out the ""3 idiots"" once and for all.",2009-12-23,8.012,50000000,60262836,➖ Average,Bollywood,20453
Dilwale Dulhania Le Jayenge,Comedy Drama Romance,family's daily life family history love-hate relationship family drama love affair lighthearted,https://image.tmdb.org/t/p/w300/lfRkUr7DYdHldAqi3PwdQGBRBPM.jpg,"Raj is a rich, carefree, happy-go-lucky second generation NRI. Simran is the daughter of Chaudhary Baldev Singh, who in spite of being an NRI is very strict about adherence to Indian values. Simran has left for India to be married to her childhood fiancé. Raj leaves for India with a mission at his hands, to claim his lady love under the noses of her whole family. Thus begins a saga.",1995-10-20,8.504,13200000,100000000,🔥 Superhit,Bollywood,19404
Alpha,Action Thriller,female spy raw agent,https://image.tmdb.org/t/p/w300/bPtRt3ajQ0EkyeQ1O6iJwAIi9Py.jpg,"When Sita, a highly trained assassin raised in isolation as a super-soldier by a rogue commander, discovers the dark truth about her family and her stolen childhood, she teams up with her long lost sister to take down her creator and his illicit military program.",2026-07-02,5.1,10500000,1856084,📉 Flop,Bollywood,1122030
Mirzapur: The Movie,Action Crime Drama Thriller,,https://image.tmdb.org/t/p/w300/cdDKdCRyq6BYuNblpKUYqRPWvEg.jpg,"The battle for Mirzapur’s throne intensifies as old enemies resurface and a new threat emerges in the form of Babban Babua, a ruthless businessman from Jaisalmer with ambitions of his own. As the Tripathis face enemies from both the past and present, loyalties are tested while Guddu and Bablu Pandit fight to establish themselves in the power struggle for Mirzapur.",2026-09-03,6.9,8766456,0,,Bollywood,1378537
Dhamaal 4,Comedy,treasure hunt slapstick comedy quest comedic misadventures comedy sequel,https://image.tmdb.org/t/p/w300/pkY8xl3GijJ38KA3vTiPhZPRDvE.jpg,"The Dhamaal boys are back for another treasure hunt, facing hilarious challenges in their quest for the Treasure of Life.",2026-07-10,4.3,21000000,0,,Bollywood,1303331
Dhurandhar,Action Crime Thriller,espionage political party politics asia patriotism nationalism controversy gore pakistan torture terrorism india terrorist attack gun violence bloodshed political corruption grim 1990s spy thriller punjabi indian 2000s international espionage thriller hindi film action chase scene indian film godi media,https://image.tmdb.org/t/p/w300/8FHOtUpNIk5ZPEay2N2EY5lrxkv.jpg,"In the early 2000s, an undercover operative infiltrates Karachi's underworld, breaking into its inner circle to dismantle a violent nexus from within.",2025-12-05,7.316,24000000,136599112,🔥 Superhit,Bollywood,1291608
Lust Stories 2,Romance Drama,anthology love lust,https://image.tmdb.org/t/p/w300/p5x729JI6wZs9hCqX7tc7oH87ih.jpg,"Four eminent Indian directors explore sex, desire and love through short films in this sequel to 2018's Emmy-nominated 'Lust Stories'.",2023-06-29,5.6,0,0,,Bollywood,1136736
Baby Do Die Do,Mystery Thriller Crime Action,,https://image.tmdb.org/t/p/w300/jvfqp6gMlvHODYnBXoogqRyIs0k.jpg,A deaf and mute serial killer in Mumbai can only hear her dead sister's voice as she commits murders for mysterious reasons.,2026-07-03,9.0,0,721219,,Bollywood,1512084
Zakir Khan: Papa Yaar,Comedy,stand-up specials comedy special,https://image.tmdb.org/t/p/w300/layTkFN24JouxXQpYyMIn8WxBrB.jpg,"Zakir Khan reflects on his childhood and the special bond he shares with his father, turning personal memories and family experiences into heartfelt comedy. With his signature blend of observational humour, poetry and emotional storytelling, he explores the unspoken sides of fatherhood and the relationship between a father and son.",2026-09-18,10.0,0,0,,Bollywood,1760576
My Name Is Khan,Drama Romance,"autism mumbai (bombay), india based on true story prejudice religion disability asperger's syndrome asian american hopeful",https://image.tmdb.org/t/p/w300/5Y36lCiNyyV71mjq6LavgiggbhT.jpg,"Rizwan Khan, a Muslim from the Borivali section of Mumbai, has Asperger's syndrome. He marries a Hindu single mother, Mandira, in San Francisco. After 9/11, Rizwan is detained by authorities at LAX who treat him as a terrorist because of his condition and his race.",2010-02-10,8.0,12000000,42345360,✅ Hit,Bollywood,26022
Dhurandhar: The Revenge,Action Crime Thriller,undercover espionage politics spy traitor patriotism nationalism gore gang leader pakistan sequel betrayal conspiracy torture soldier india interrogation terrorist attack undercover operation gun violence bloodshed political corruption serious intense cruel excited,https://image.tmdb.org/t/p/w300/ov8vrRLZGoXHpYjSY9Vpv1tHJX7.jpg,"As rival gangs, corrupt officials and a ruthless Major Iqbal close in, Hamza's mission for his country spirals into a bloody personal war where the line between patriot and monster disappears in the streets of Lyari.",2026-03-18,7.3,14330000,152900759,🔥 Superhit,Bollywood,1582770
Kal Ho Naa Ho,Comedy Drama Romance,new york city musical loving,https://image.tmdb.org/t/p/w300/zhMI6I0kSLnewTMwE0A8Tz3Cj2f.jpg,An uptight MBA student falls for the charismatic new neighbor who charms her troubled family – but he has a secret that forces him to push her away.,2003-11-27,7.473,0,13214520,,Bollywood,4254
Ramayana,Drama Fantasy Action,"god based on myths, legends or folklore hindu mythology epic",https://image.tmdb.org/t/p/w300/f3yZZw7zIsWo6m9xJStfjDauIZX.jpg,"An ancient epic follows a young prince and princess whose marriage and subsequent exile mark the beginning of a legendary journey. Their story of love, duty and destiny sets the stage for greater challenges ahead.",2026-11-05,0.0,230000000,0,,Bollywood,656908
Jawan,Action Thriller,revenge vigilantism political admiring,https://image.tmdb.org/t/p/w300/jFt1gS4BGHlK8xt76Y81Alp4dbt.jpg,"An emotional journey of a prison warden, driven by a personal vendetta while keeping up to a promise made years ago, recruits inmates to commit outrageous crimes that shed light on corruption and injustice, in an attempt to get even with his past,  and that leads him to an unexpected reunion.",2023-09-07,7.04,31736340,136675088,🔥 Superhit,Bollywood,872906
The Vvaan,Action Adventure Thriller,,https://image.tmdb.org/t/p/w300/n0TSVS0saO1bJy8DAssE43G7pBE.jpg,"A rational urban man defies his ancestral forbidden forest & awakens a divine goddess, only to realise that some powers exist beyond logic & he must rise as the village’s only saviour to protect his people from annihilation.",2026-09-25,0.0,0,0,,Bollywood,1384514
Bokshi,Horror Drama,folk horror independent film fantasy,https://image.tmdb.org/t/p/w300/iHYu4aCDIjnt6aa5WmKZvmDPJvh.jpg,"Anahita, traumatised by the brutal disappearance of her mother, finds comfort in Shalini, her history teacher. On an unconventional school excursion to a mysterious prehistoric site, she confronts her terrifying destiny.",2026-10-09,0.0,0,0,,Bollywood,718833
Kunwari Dulhan,Thriller Drama,,https://image.tmdb.org/t/p/w300/uYNadPUxOtyaMetqz0zhOtueTz1.jpg,Kunwari Dulhan is a Hindi thriller starring Prem Leela and Reena.,1991-01-01,0.0,0,0,,Bollywood,1081422
Animal,Action Crime Drama,fistfight shootout held at gunpoint machine gun hand to hand combat action hero father son conflict complex relationship,https://image.tmdb.org/t/p/w300/hr9rjR3J0xBBKmlJ4n3gHId9ccx.jpg,The hardened son of a powerful industrialist returns home after years abroad and vows to take bloody revenge on those threatening his father's life.,2023-12-01,6.14,13000000,108300000,🔥 Superhit,Bollywood,781732
War 2,Action Thriller Adventure,,https://image.tmdb.org/t/p/w300/fxxVbjhIOl8ZPS69dH8xeeuxvmh.jpg,"Years ago Agent Kabir went rogue, became India’s greatest villain ever.  As he descends further into the deepest shadows... India sends its deadliest, most lethal agent after him, Agent Vikram  A Special Units Officer who is more than Kabir’s equal and a relentless Terminator driven by his own demons, determined to put a bullet into Kabir’s skull.",2025-08-13,6.007,47000000,3096145,📉 Flop,Bollywood,1109086
KILL,Action Crime Thriller,train one man army relationship train robbery aggressive action hero high octane,https://image.tmdb.org/t/p/w300/m2zXTuNPkywdYLyWlVyJZW2QOJH.jpg,"When an army commando finds out his true love is engaged against her will, he boards a New Dehli-bound train in a daring quest to derail the arranged marriage. But when a gang of knife-wielding thieves begin to terrorize innocent passengers on his train, the commando takes them on, one by one.",2024-07-03,7.2,4800000,5600000,➖ Average,Bollywood,1160018
Zindagi Na Milegi Dobara,Drama Comedy Romance,school friend friendship cheating painter poet vacation travel scuba diving misunderstanding lyricist childhood friends road movie flirting female domination scuba diver father son conflict sky diving lyrical,https://image.tmdb.org/t/p/w300/hKO9O715wYxjkQSEv47giCYcyO8.jpg,"Three friends who were inseparable in childhood decide to go on a three-week-long bachelor road trip to Spain, in order to re-establish their bond and explore thrilling adventures, before one of them gets married. What will they learn of themselves and each other during the adventure?",2011-07-15,7.643,7700000,160000000,🔥 Superhit,Bollywood,61202
Mardaani 3,Action Crime Thriller,,https://image.tmdb.org/t/p/w300/dHxLBtHw4InwsVumnthupZYz6NM.jpg,"Officer Shivani Shivaji Roy returns to hunt down those behind the disappearance of young girls, risking everything to bring them back alive.",2026-01-30,7.6,0,0,,Bollywood,1339876
Yeh Prem Mol Liya,Romance Family Drama,divorce romantic drama nuclear family college romance,https://image.tmdb.org/t/p/w300/ieQOHqEDENQLgWwCu0HCdMwnGhw.jpg,,2026-11-27,0.0,0,0,,Bollywood,1209723
PK,Comedy Drama Science Fiction,friendship society christianity hinduism islam satire alien love religion sociology belief in god islamophobia pakistan vs india sikhism jainism religious satire,https://image.tmdb.org/t/p/w300/z2x2Y4tncefsIU7h82gmUM5vnBJ.jpg,"A stranger in the city asks questions no one has asked before. Known only by his initials, the man's innocent questions and childlike curiosity take him on a journey of love, laughter and letting go.",2014-12-18,7.701,13000000,118920000,🔥 Superhit,Bollywood,297222
Tante Siska,Drama Romance,,https://image.tmdb.org/t/p/w300/ui5arpwdiTrnAJ3P5Ue6XPSBMQx.jpg,,2023-06-02,3.0,0,0,,Bollywood,1141868
Dangal,Drama Family Comedy,small town strong woman sports parent child relationship empowerment abusive father feminism wrestling training biography autobiography domestic abuse fighting womanhood endurance woman vs woman fight female empowerment determination strength training overcoming fears father daughter relationship cheerful excited,https://image.tmdb.org/t/p/w300/cJRPOLEexI7qp2DKtFfCh7YaaUG.jpg,"Dangal is an extraordinary true story based on the life of Mahavir Singh and his two daughters, Geeta and Babita Phogat. The film traces the inspirational journey of a father who trains his daughters to become world class wrestlers.",2016-12-21,7.869,10400000,311000000,🔥 Superhit,Bollywood,360814
Like Stars on Earth,Drama,jealousy parent child relationship boarding school painter father dyslexia teacher little boy india childhood teachers and students hopeful melodramatic,https://image.tmdb.org/t/p/w300/puHRt6Raovm5ujGCdwLWvRv4NHU.jpg,"Ishaan Awasthi is an eight-year-old whose world is filled with wonders that no one else seems to appreciate. Colours, fish, dogs, and kites don't seem important to the adults, who are much more interested in things like homework, marks, and neatness. Ishaan cannot seem to get anything right in class; he is then sent to boarding school, where his life changes forever.",2007-12-20,7.994,2600000,28430000,🔥 Superhit,Bollywood,7508
Jewel Thief - The Heist Begins,Action Thriller,audacious,https://image.tmdb.org/t/p/w300/eujLbO0kf1eqWC8XpHUJdtAVW2J.jpg,"In this high-octane battle of wits and wills, ingenious con artist Rehan devises a diamond heist while trying to outsmart Rajan, his sadistic adversary.",2025-04-24,6.6,0,0,,Bollywood,1225915
Biwi No.1,Comedy Drama Romance,infidelity plan husband wife relationship plan gone wrong india photo model,https://image.tmdb.org/t/p/w300/4c787y8j6XCuJHDv13Yuwu0FHmw.jpg,"Two adorable kids, a quirky mother-in-law and a happy-go-lucky friend help a heartbroken wife bring a straying husband back from the other woman's tangled embrace.",1999-05-28,5.836,5400000,2200000,📉 Flop,Bollywood,161226
Lust Stories,Romance Drama,anthology,https://image.tmdb.org/t/p/w300/mP5HehSpCaRGd6ej66jxkhdl60B.jpg,An anthology of four stories that sheds light on modern relationships from the viewpoint of the Indian woman.,2018-06-15,6.3,0,0,,Bollywood,530154
Vibe,Action Comedy Drama,,https://image.tmdb.org/t/p/w300/1K2cYaK42vcQkg1iITxF6xcbJrs.jpg,"Two inseparable friends' ordinary, unassuming lives spiral into an unpredictable, high-energy adventure that pushes their survival instincts and friendship to the limit.",2026-09-18,0.0,0,0,,Bollywood,1654566
Bhooth Bangla,Horror Comedy,"haunted house black magic based on myths, legends or folklore supernatural horror indian mythology comedy horror supernatural comedy",https://image.tmdb.org/t/p/w300/ArIS4vwUxdhm3j7tsTHmffdfU8W.jpg,"A man inherits a palace in rural Mangalpur and plans his sister's wedding there, but strange supernatural events and panicked locals force him to investigate the property's mysterious past.",2026-04-16,5.609,14000000,20000000,➖ Average,Bollywood,1239134
Border 2,Action Drama War,1970s based on true story sequel indian army historical drama india pakistan war historical epic war drama indian air force india pakistan conflict epic drama,https://image.tmdb.org/t/p/w300/AmrCgmDPEJ6QxllS1rhjYwgO9Wb.jpg,"Three idealistic soldiers in the Indian army, navy and air force face grueling combat conditions in this film set during the 1971 Indo-Pak war.",2026-01-23,7.583,33000000,21000000,📉 Flop,Bollywood,1213898
Welcome To The Jungle,Action Comedy Adventure,,https://image.tmdb.org/t/p/w300/1JlfUuvvX5xLP2LIDah4JhWUtTx.jpg,"A group of quirky characters gets stuck in a dangerous jungle during a chaotic mission. Filled with confusion, criminals, and hilarious situations, they must work together to survive and find their way out.",2026-06-25,5.1,0,0,,Bollywood,1169516
Tiger 3,Action Adventure Thriller,intense,https://image.tmdb.org/t/p/w300/7wgED7Yx9VLcNWSO91VgwicHmMD.jpg,Spy couple Tiger and Zoya face a ruthless enemy with a personal vendetta.,2023-11-11,5.64,36000000,49000000,➖ Average,Bollywood,720557
Love Lottery,Thriller,,https://image.tmdb.org/t/p/w300/8LGs4hV8eXa0dpL2ioeVEQytyAb.jpg,"When a young woman, Bharani Verma, is found dead under mysterious circumstances, the police quickly arrest Kartik Saxena, making him the prime suspect in a seemingly open-and-shut murder case. But as the courtroom battle begins, every testimony uncovers new questions instead of answers. Hidden relationships, conflicting statements, and buried secrets gradually transform a simple murder trial into a gripping mystery where nothing is as it appears. Beyond the suspense, the film also explores a thought-provoking question: Have marriage and legal battles become a silent punishment for some innocent men, or is the truth far more complex than it seems? With every hearing, the truth becomes more elusive, and just when the verdict seems certain, an unexpected twist changes the entire direction of the case. A taut courtroom suspense thriller that keeps the audience guessing until the very last moment.",2026-09-25,0.0,0,0,,Bollywood,1640649
Drishyam: The Conclusion,Thriller Drama Mystery,sequel,https://image.tmdb.org/t/p/w300/7T62GSduOWDMB0gGDBs9pmtLTSB.jpg,"Years after outsmarting the police, Vijay Salgaonkar's past resurfaces when a new evidence threatens to expose his secret. As the investigation reopens, he must outwit the system once again to save his family.",2026-10-02,0.0,0,0,,Bollywood,1269325
12th Fail,Drama,awestruck,https://image.tmdb.org/t/p/w300/eebUPRI4Z5e1Z7Hev4JZAwMIFkX.jpg,"Based on the true story of IPS officer Manoj Kumar Sharma, 12th Fail sheds limelight on fearlessly embracing the idea of restarting the academic journey despite the setbacks and challenges and reclaiming one's destiny at a place where millions of students attempt the world's toughest competitive exam: UPSC.",2023-08-11,7.9,2400000,37231,📉 Flop,Bollywood,1163258
Daayra,Crime Drama,based on true story woman director,https://image.tmdb.org/t/p/w300/qQ6ORv3AfsV6m1ERL8Muk5jKpbu.jpg,"Raman, who has had a shady record with staged encounters and police brutality, finds himself cornered as Ajooni challenges him on every step.",2026-09-18,0.0,0,0,,Bollywood,1215889
Ikka,Drama Thriller,courtroom psychological suspenseful,https://image.tmdb.org/t/p/w300/fp5EAKE8nTx402n1fWz55QsuYY9.jpg,"With a loved one's life at stake, a celebrated lawyer must defend a man he suspects is guilty — battling his conscience every step of the way.",2026-07-10,5.738,0,0,,Bollywood,1484913
Kabhi Khushi Kabhie Gham,Comedy Drama,"london, england parent child relationship adoption delhi, india forbidden love reunion class differences family conflict loving",https://image.tmdb.org/t/p/w300/eJrD94E1msYEa0DygvkvdEKpChm.jpg,"Years after his father disowns his adopted brother for marrying a woman of lower social standing, a young man goes on a mission to reunite his family.",2001-12-14,7.683,7500000,11336308,➖ Average,Bollywood,10757
Tu Yaa Main,Thriller Romance,hip-hop rapper creature feature based on movie content creators survival thriller official adaptation,https://image.tmdb.org/t/p/w300/nUPnA0I1MTaZRVCsUQc5DS5JA8W.jpg,"A wannabe rapper from the outskirts of Mumbai and an affluent influencer elope to a coastal town, only to find themselves trapped in the pool of a derelict resort fighting for survival against the wrath of a ferocious crocodile.",2026-02-11,6.393,0,0,,Bollywood,1446616
Crew,Comedy,heist comedy thriller cabin crew,https://image.tmdb.org/t/p/w300/8mnCtQngfhYt0W0BmkrCePutmvy.jpg,Three ordinary air hostesses from Mumbai embark on a journey to pursue their dreams but find themselves caught up in unexpected misfortunes.,2024-03-29,6.717,0,0,,Bollywood,1045931
Pati Patni Aur Woh Do,Comedy Drama Romance,,https://image.tmdb.org/t/p/w300/x0RUPvba4JlCCkyyEZGlQFIFVuF.jpg,"A seemingly perfect marriage in Prayagraj takes an unexpected turn when one decision leads to a chain of misunderstandings, suspicion, and comedic chaos.",2026-05-15,6.0,0,0,,Bollywood,1320660
Kartavya,Crime Drama Thriller,detective gritty dark thriller,https://image.tmdb.org/t/p/w300/doTwMyAphlDL5Z8WqE3elWWvj8M.jpg,"With his family's safety at stake and menacing threats closing in, a police officer must decide how far he'll go to uphold his duty.",2026-05-15,7.0,0,0,,Bollywood,1628367
Awarapan 2,Action Drama Romance,,https://image.tmdb.org/t/p/w300/lD3J6zTbWkVtPYuSUuuBwpuKMCO.jpg,"Shivam returns to the crime world, where his path forward demands redemption, love, and sacrifice. As relationships deepen and conflicts intensify, every choice tests his resolve and shapes his destiny.",2026-08-14,0.0,5400000,14000000,✅ Hit,Bollywood,1444466
Cocktail 2,Romance Comedy,romantic comforting,https://image.tmdb.org/t/p/w300/oIQmtByV1LtEQSwM4EpdLTyoSlM.jpg,A vacation in Sicily forces longtime partners Diya and Kunal to question their love and commitment after they reunite with Diya's old friend Ally.,2026-06-19,5.597,15872640,12947333,📉 Flop,Bollywood,1392469
Ra.One,Adventure Action Science Fiction,video game superhero villain robot based on video game science fiction playstation action adventure based on game,https://image.tmdb.org/t/p/w300/qwC3rbgCI0frJpRxVm74Ak3ktpU.jpg,"When the titular antagonist of an action game takes on physical form, it's up to the game's less powerful protagonist to save the world.",2011-10-24,5.7,24000000,35911689,➖ Average,Bollywood,41517
Chennai Express,Romance Comedy Action,temple language barrier romcom elopement rameshwaram domineering father funeral ceremony fake couple train ride confectionery,https://image.tmdb.org/t/p/w300/9j7XfhBJKNfidMCa8JsNbqU1waV.jpg,"Rahul embarks on a journey to a small town in Tamil Nadu to fulfill the last wish of his grandfather: to have his ashes immersed in the Holy water of Rameshwaram. En route, he meets a woman hailing from a unique family down South. As they find love through this journey in the exuberant lands of South India, an unanticipated drive awaits them.",2013-08-08,6.5,18000000,62000000,✅ Hit,Bollywood,205022
Boss 2,Action Comedy Romance,,,,2027-03-26,0.0,0,0,,Bollywood,1554131
Accused,Thriller Mystery Drama,,https://image.tmdb.org/t/p/w300/3FAQTMv64JINU5Pk6mePXQbze4M.jpg,"When a celebrated queer doctor in London is accused of sexual misconduct, her life unravels. Now under a storm of suspicion and scrutiny, her marriage fractures and the truth blurs. Her wife must decide whether to walk away, or fight for the woman the world is turning against.",2026-02-27,5.688,0,0,,Bollywood,1389149
Hai Jawani Toh Ishq Hona Hai,Romance Comedy,,https://image.tmdb.org/t/p/w300/vmlJvz6qVzYgei2V74GvnmcuQfW.jpg,"When Jass leaves his marriage over conflicting priorities, a new romance abroad is upended by shocking revelations, forcing him to confront love, loyalty, and the true meaning of commitment.",2026-06-04,5.3,0,0,,Bollywood,1308553
Main Vaapas Aaunga,Romance Drama Mystery,dementia forbidden love musical dysfunctional family ethnic cleansing caretaker family drama period drama punjab lost love told in flashback deathbed family curse 1940s 1950s punjabi arrested development india pakistan border grandfather grandson relationship parallel stories romantic drama nonlinear narrative intense 2020s human displacement partition of india unresolved past partition of punjab,https://image.tmdb.org/t/p/w300/wHTNsZxvlfRAndc52hGlbdCUXKS.jpg,"Haunted by a childhood romance and recollections of love lost during the 1947 Partition of India, 95-year-old Ishar Singh Grewal shares his story with his grandson Nirvair, the past unfolding through memories of migration, longing, and a romance that endures across generations.",2026-06-11,7.2,7300000,9300000,➖ Average,Bollywood,1431068
Last Man in Tower,Drama,based on novel or book,https://image.tmdb.org/t/p/w300/hbsXYxMLJbMFgaCZ1deFpGiMUI1.jpg,"Masterji is a retired schoolteacher whose refusal to go along with those around him places him in direct conflict with his own community. His act of quiet resistance ripples outward, throwing into relief the choices and compromises of neighbors – including Mrs. Puri – as an offer of change tests what each of them is willing to hold on to.",2026-09-11,0.0,0,0,,Bollywood,1574560
Sitaare Zameen Par,Comedy Drama,basketball remake based on movie intellectual disability sports drama sports comedy,https://image.tmdb.org/t/p/w300/adYjCJGSNiL7CIaDW3g0Bcg7r2Z.jpg,A disgraced basketball coach is given the chance to coach a team of players who are intellectually disabled as part of community services. Gulshan has apprehensions at first and feels out of place but soon realizes they just might have what it takes to make it to the national championships.,2025-06-20,6.875,0,3532430,,Bollywood,1190511
Superboys of Malegaon,Comedy Drama,cinema on cinema filmmaking,https://image.tmdb.org/t/p/w300/kLMLaZa0Mu4BqPhA2eYbduFjcD0.jpg,"The residents of Malegaon look to Bollywood cinema for a much-needed escape from daily drudgery. Amateur filmmaker Nasir Shaikh gets inspired to make a film for the people of Malegaon, by the people of Malegaon. He bands together his ragtag group of friends to bring his vision to life, thereby bringing a fresh lease of life into the town.",2025-02-27,7.583,0,0,,Bollywood,1226572
Saiyaara,Romance Drama Music,romantic romance musical young adult romance,https://image.tmdb.org/t/p/w300/hQBIsi3ZfBYEayMc3GhcEmJVkss.jpg,"Two artistic souls find harmony through music despite their contrasting worlds. As feelings deepen, age and circumstances challenge their undeniable bond.",2025-07-18,6.427,5500000,63539300,🔥 Superhit,Bollywood,1241634
Rocky Aur Rani Kii Prem Kahaani,Comedy Drama Family Romance,musical nostalgia love interest nostalgic wealthy family,https://image.tmdb.org/t/p/w300/vTQIqlxUkOuyf2UKhlM2OUaFGKz.jpg,"Gym-freak brat Rocky falls in love with Rani, who comes from a well-educated Bengali family. Being from polar opposite worlds, the two decide to switch their families to adjust to each other's cultures and backgrounds and to know if their marriage will survive. Rocky and Rani are trapped in a world where they are united by love but divided by families and the ultimate question is will they fit in?",2023-07-08,6.18,0,0,,Bollywood,848116
Haiwaan,Crime Thriller,,https://image.tmdb.org/t/p/w300/ykXYDPPvoPhTaBeQ90OibCaCOWX.jpg,"A retired judge faces difficulty keeping his daughter safe from a convict he imprisoned. Later, when he gets murdered, a man with visual impairment who was loyal to him tries to defend his daughter.",2026-09-11,0.0,15600000,1380000,📉 Flop,Bollywood,1475799
Chashme Baddoor,Comedy Drama,roommates male friendship adult humor friends,https://image.tmdb.org/t/p/w300/aqTXvi4Jp1BuhJhQ9fyxzgvizFM.jpg,"Seema rejects six marriage proposals set by her father and leaves for Goa. After Jai and Omi fail to impress her, they come up with a cruel plan when they realise that their friend Sid is dating her.",2013-04-05,4.7,37000000,5500000,📉 Flop,Bollywood,180853
Golmaal 5,Comedy Adventure,,https://image.tmdb.org/t/p/w300/et0l5wRJrmqECQsB4tssmrpwKwK.jpg,Get ready for another rollercoaster of laughter with the iconic gang.,2027-01-08,0.0,0,0,,Bollywood,1214368
Bade Miyan Chote Miyan,Action Science Fiction,,https://image.tmdb.org/t/p/w300/ote8HmQOgmoAfqFaqVKsEdgD2q4.jpg,Two elite soldiers with troubled pasts are enlisted for a daring mission when a deadly masked madman threatens India's defenses.,2024-04-11,6.132,41100000,12018000,📉 Flop,Bollywood,936622
Cocaine,Crime Drama Thriller,undercover brother survival betrayal drug cartel police corruption law enforcement narcotics mumbai crime thriller,https://image.tmdb.org/t/p/w300/zHFZkkes8BpHt4p3IRLUSjRVvrW.jpg,"""Cocaine"" is a gripping crime thriller that delves deep into the murky intersection of law enforcement and criminality. Set against the vibrant yet perilous backdrop of Mumbai, the story revolves around a powerful drug cartel that wields significant control over the cocaine trade with the connivance of corrupt police officials and politicians. Abhimanyu Singh stars as Jalal, a diligent police inspector who finds himself entangled in the cartel's sinister web. Despite his best efforts to stay above board, Jalal must go to extreme lengths to protect his own brother, who is targeted by the ruthless cartel. As Jalal navigates the perilous dualities of upholding the law while safeguarding his family, he becomes ensnared in a dangerous game of survival.",2026-09-05,0.0,0,0,,Bollywood,1763900
Fighter,Action Drama,helicopter airplane fighter pilot helicopter pilot kashmir conflict behind enemy lines jet fighter pilot military retaliation armed conflict kashmir fighter pilots india pakistan border military aviation military pilots islamic terrorism amused indian air force india pakistan conflict,https://image.tmdb.org/t/p/w300/zqFuriKJ6pYDvf72kXNLONnuE8k.jpg,"As India faces a militant attack in Kashmir, the country’s best combat aviators join forces under a reckless yet brilliant squadron leader to form 'Air Dragons', faces mortal dangers and their inner demons.",2024-01-24,6.151,30000000,40500000,➖ Average,Bollywood,784651
The India Story,Drama Thriller,whistleblower corporate negligence environmental drama pesticide contamination legal fight,https://image.tmdb.org/t/p/w300/ocasYrRgkfKBdabKNPl8ttZuu7x.jpg,A community confronts the devastating impact of pesticide contamination as industrial negligence threatens public health. The fight for accountability exposes systemic failures in regulatory oversight and corporate responsibility.,2026-07-24,0.0,0,0,,Bollywood,1682974
Batwara 1947,Action Drama War,period drama lahore independence day war,https://image.tmdb.org/t/p/w300/n66Q78zJcx5lL5HGRZPUpHxcsG6.jpg,"The story of an elderly Hindu woman who refuses to leave her ancestral home in Lahore, only to have a Muslim refugee family from Lucknow allotted to her house following the events of the 1947 Partition of India and Pakistan.",2026-08-13,6.0,0,0,,Bollywood,1169537
Jabariya Jodi,Drama Romance,,https://image.tmdb.org/t/p/w300/rolHlWfHMJov3pQzt9ndamZuQIh.jpg,"Abhay Singh runs a syndicate of kidnapping greedy grooms, who demand dowry in Bihar’s Madhopur. He then, forcefully marries them off to the girl, calling it a ‘surprise party’. But when his childhood sweetheart Babli re-enters his life, he must choose between love and his long-term ambitions.",2019-08-09,4.5,0,0,,Bollywood,543693
Monsoon Wedding,Comedy Drama Romance,"adultery child abuse arranged marriage delhi, india family drama wedding wedding ceremony woman director eccentric family extended family wedding rehearsal wedding arranger class system rich vs poor love story parallel stories indian wedding indian woman heartfelt daughter's wedding romantic family melodrama",https://image.tmdb.org/t/p/w300/vCwkv7tYFem0tQ9Duoq2MX7T7Zd.jpg,"A stressed father, a bride-to-be with a secret, a smitten event planner, and relatives from around the world create much ado about the preparations for an arranged marriage in India.",2001-08-30,6.808,1200000,30787356,🔥 Superhit,Bollywood,480
Prem Keetanu,Comedy Romance,romcom remake,https://image.tmdb.org/t/p/w300/l0ONnhbz1vyRc42fndZ6b2DoVL.jpg,"A group of young men and their turbulent college life, where bad grades and hopelessness remain in the driver's seat. Even as they pursue love, friendship and aspirations, the film promises to capture the current generation's struggles and dreams in a light-hearted yet heartfelt manner.",2026-10-02,0.0,0,0,,Bollywood,1640396
Monster,Action Drama,,,,2027-03-05,0.0,0,0,,Bollywood,1050035
Agent Mona,Romance Crime,,https://image.tmdb.org/t/p/w300/ncpGVjolADJQtaU9d95xCM9Kqh0.jpg,"A sexy, brilliant special Agent receives a dangerous mission to kill an international terrorist Masood Khan. She is an iconoclastic female detective who is excellent at infiltrating the enemy’s boundary, but also has a dark side as she has a sexually deviant behavior but her will and desires lead her to do whatever it takes to complete the mission.",2020-11-09,7.0,0,0,,Bollywood,850237
Pathaan,Action Adventure Thriller,spy fake death spy thriller,https://image.tmdb.org/t/p/w300/arf00BkwvXo0CFKbaD9OpqdE4Nu.jpg,"A soldier caught by enemies and presumed dead comes back to complete his mission, accompanied by old companions and foes.",2023-01-25,6.388,30270000,127180000,🔥 Superhit,Bollywood,864692
Governor,Drama Thriller,,https://image.tmdb.org/t/p/w300/Anukm4NH6MM025vUQ9ykpWQXnFn.jpg,"Set against Indias 1990 economic crisis, Governor follows Raman, a reluctant bureaucrat unexpectedly appointed as the Governor of the RBI when the nation stands on the brink of bankruptcy. As inflation rises, fuel runs low, and panic spreads, Raman must navigate political pressure and a collapsing system to prevent the country from falling apart.",2026-06-12,5.6,0,0,,Bollywood,1475803
I'm Not An Actor,Drama,,https://image.tmdb.org/t/p/w300/jbLlCM9aaL6kM2bBLzkBBgR7gpE.jpg,"A frustrated actor in Mumbai connects with a retired banker in Frankfurt through an online audition and ends up teaching him acting over video calls. Their sessions unfold across two cities, pushing both to confront buried emotions and truths they have long avoided.",2025-11-07,0.0,0,0,,Bollywood,1425101
Ghamasaan,Thriller Action,,https://image.tmdb.org/t/p/w300/gZuN5Vh9ceBzTk9gl230kE9GrVD.jpg,"Set in the Hindi heartland, the story follows a cat and mouse chase against a ruthless dacoit. An honest IPS officer is determined to hunt him down, corrupt politicians notwithstanding.",2024-10-18,8.0,0,0,,Bollywood,1372059
Haunted 3D: Echoes of the Past,Horror Romance Thriller,,https://image.tmdb.org/t/p/w300/tSmAFNckiqcKg7aFgjCFnhNqNbP.jpg,"A man seeks refuge in a remote Indian mountain mansion, fleeing his past. He discovers the house harbors sinister secrets, pain, and terror ready to torment him.",2026-06-12,10.0,0,0,,Bollywood,1486860
Paying Guest,Romance,,https://image.tmdb.org/t/p/w300/88HakldNQZjqiw2XgLgzQP040og.jpg,"Rajat’s mother’s friend has a Super hot sister Riya who is looking for accommodation and she offers her to stay as a Paying Guest in their House. On seeing her Rajat is steamed up and later invites his girlfriend over when no one is in the house. Rajat immaturely trie’s to make out with her but ends up offending her. Later Riya finds him all tensed up and after she heard his story she offers to teach him how to be sensualistic with a woman but everything has a price, let’s find out.",2020-06-11,0.0,0,0,,Bollywood,1454100
Sir,Drama Romance,woman director,https://image.tmdb.org/t/p/w300/1xlh1jh9Lxz4OzusFKeljqoRxjL.jpg,"A prosperous young Indian man falls in love with his servant, a widow with the dream of becoming a fashion designer.",2018-09-20,7.1,0,0,,Bollywood,518497
The Lunchbox,Drama Romance,"housewife mumbai (bombay), india food tiffin indian cuisine",https://image.tmdb.org/t/p/w300/jSOiz1h97i3qwjZJXY8SeLvjPsl.jpg,"A mistaken delivery in Mumbai's famously efficient lunchbox delivery system (Mumbai's Dabbawallahs) connects a young housewife to a stranger in the dusk of his life. They build a fantasy world together through notes in the lunchbox. Gradually, this fantasy threatens to overwhelm their reality.",2013-09-20,7.393,3400000,17240000,🔥 Superhit,Bollywood,191714
The Black Thief,,,https://image.tmdb.org/t/p/w300/nr6usVleqw8ywsvRqhrkEcdQZsS.jpg,"An early silent drama centered on a notorious ""black thief""",1925-09-25,8.0,0,0,,Bollywood,1526476
Deewaanapan,Action Romance,,https://image.tmdb.org/t/p/w300/9Hv6p75yCzo0VqGsaYmD098oGM6.jpg,"Suraj Saxena (Arjun Rampal) lives in a remote hill station in India with his dad (Om Puri), mom (Smita Jaykar), and sister, Asha (Amita Nangia). One day he meets with Kiran Choudhary (Diya Mirza), who has come on holiday trip with a group of girls. He offers to show her around and they fall in love with each other. Suraj is unable to see her home by the train as his dad has chest pains and has to be rushed to hospital. But Suraj is unable to get Kiran out of his mind and heart. After his sister get's married, the family decide to relocate to Bombay, where Suraj enlists in College and makes several new friends, as well as becomes a popular football player. He eventually meets Kiran and both renew their romance.",2001-11-16,6.2,0,0,,Bollywood,304111
Bajrangi Bhaijaan,Comedy Drama Adventure,religion journey lost child,https://image.tmdb.org/t/p/w300/vhlliI7HZZlWfo5d6CiyfBAGLrW.jpg,A young mute girl from Pakistan loses herself in India with no way to head back. A devoted man with a magnanimous spirit undertakes the task to get her back to her motherland and unite her with her family.,2015-07-17,7.811,13000000,150000000,🔥 Superhit,Bollywood,348892
Om Shanti Om,Comedy Thriller Drama,1970s musical secret admirer confronting the past witness elimination 2000s murder confession brutal murder romantic dramedy double role film inside film reincarnated tribute to bollywood,https://image.tmdb.org/t/p/w300/oArsQTD4bPPMtRjqr03SO9W6phF.jpg,"In the early 70s, aspiring actor Om Prakash Makhija, and a famous starlet Shantipriya, are murdered. Thirty years later, his reincarnation Om Kapoor sets out to discover the mystery of their demise.",2007-11-07,7.1,9100000,37707444,🔥 Superhit,Bollywood,8079
Brahmāstra Part One: Shiva,Action Adventure Fantasy,superhero mythology astraverse,https://image.tmdb.org/t/p/w300/x61qdvHIsr9U53FwoLVDQqAGur0.jpg,"The story of Shiva – a young man on the brink of an epic love, with a girl named Isha. But their world is turned upside down when Shiva learns that he has a mysterious connection to the Brahmāstra... and a great power within him that he doesn’t understand just yet - the power of Fire.",2022-09-08,6.274,22000000,0,,Bollywood,496331
Shadow Bird,Fantasy Mystery,,https://image.tmdb.org/t/p/w300/tyqwLKm7Sl4ign409GI8Jql5tLB.jpg,"Every morning, eight-year-old Nadi wanders somewhere between the conscious and the unconscious, to meet her dream-etched Shadow Bird. A second character unfailingly follows—the mysterious Timekeeper, who has a clock fitted inside his heart. But one morning neither Shadow Bird nor Timekeeper arrive, and Nadi ventures alone into the deep, mysterious woods in search of them.",2019-11-22,0.0,0,0,,Bollywood,813117
War,Action Thriller Adventure,friendship chase gun italy portugal spy traitor two man army karate love betrayal shootout one man army explosion india motorcycle one against many mentor protégé relationship motorcycle chase new delhi india,https://image.tmdb.org/t/p/w300/yUtaHkL2SDIAZhRApZAyQrAXygn.jpg,"Khalid, entrusted with the task of eliminating former soldier turned rogue Kabir, engages in an epic battle with his mentor who taught him everything.",2019-10-02,6.8,24140000,67179155,✅ Hit,Bollywood,585268
Happy New Year,Crime Comedy,dance diamond competition musical stripper heist dubai con artist thief pole dancer diamond heist woman director,https://image.tmdb.org/t/p/w300/5kv0trpR00030JmZbLnLMBKIrtD.jpg,Six would-be thieves enter a prestigious dance competition as a cover for their larger goal of pulling off a major heist.,2014-10-24,6.157,25000000,0,,Bollywood,277432
Shabnam Mausi,,,https://image.tmdb.org/t/p/w300/vKxi94zkr3KCVjlv3sdg2uwObno.jpg,"Inspired by the true story of Shabnam Mausi who overcame prejudice and became the first Hijra to be elected to public office in India.  Shabnam (Ashutosh Rana) was born to a wealthy and privileged family, but when a band of eunuchs came to bless him not long after he was born, they discovered he too was a Hijra, and the infant was sent to live with others of his kind. Shabnam still has the love and support of his family, but not all the other hijras are so lucky, and one of the members of the group (Vishwajeet Padhan) kills Shabnam's brother in a fit of rage. Shabnam is blamed for the crime, and goes underground, relocating to a town where he comes to the rescue of a woman being sexually assaulted by a group of men. Shabnam's heroic act makes him a minor celebrity in the village, and he decides to use his new recognition to help drive a corrupt politician (Govind Namdeo) from office in an upcoming election.",2005-05-20,5.6,0,0,,Bollywood,405445
Roohi,Drama,,,"Vijay lives a wealthy lifestyle along with his uncle in Delhi and is a canvas painter. He has a vision of the woman he wants to marry, draws her on his canvas, and takes it to Kandaghat, Himachal Pradesh, to visit his wealthy friend, Prakash, who welcomes him and lets him stay in his palatial home, which he shares with his girlfriend, Shalu. A few days later Vijay meets a village belle, Sajjo, who is the very image of his dream girl. Both fall in love with each other, and he starts calling her 'Roohi'. Little does Vijay know that Sajjo has two other admirers:  one is Sangha, who wants to wed Sajjo and will kill anyone who dares to even eye Sajjo, and the second is none other than Prakash himself.",1981-02-27,0.0,0,0,,Bollywood,1766943
Toaster,Comedy Crime Action,,https://image.tmdb.org/t/p/w300/8bsa86WKaQ9plaYN7rd9oGwmyVV.jpg,Murder and chaos erupt when a miser becomes obsessed with a toaster he gave as a wedding gift.,2026-04-15,5.986,0,0,,Bollywood,1416391
Ek Din,Romance Drama,,https://image.tmdb.org/t/p/w300/1AZVVsTAH4DoeaJMVsxiRyAEB76.jpg,"Dino is in love with his colleague Meera but lacks the courage to express his feelings. He finally gets his chance during the company trip. He makes a wish to be with Meera for just one day, and his wish comes true.",2026-05-01,8.0,0,0,,Bollywood,1171094
Maa Behen,Comedy Thriller Drama,,https://image.tmdb.org/t/p/w300/rfooTavEjaWh6krAcPpHp1CPj7E.jpg,"In this dark comedy, a woman calls her estranged daughters in the middle of the night with chilling news — there's a dead body in her kitchen.",2026-06-04,6.8,0,0,,Bollywood,1628448
Gangs of Wasseypur - Part 1,Action Thriller Crime,mafia gang coal mining,https://image.tmdb.org/t/p/w300/4nbvLoPDftqXV14w5Mv14iqgVrt.jpg,"In 1970s India, Sardar Khan vows to take revenge on the man who killed his father decades earlier.",2012-06-22,7.107,1400000,4100000,✅ Hit,Bollywood,117691
Bandh Darwaza,Action Drama Horror,vampire castle undead demon,https://image.tmdb.org/t/p/w300/uKvvz7J1Z0BN2TQxcaeh9zrMMbN.jpg,"Unable to conceive, Thakurain Lajjo enlists the help of her maid, Mahua, and approaches a demon named Nevla, who assures her that she will indeed give birth but if it's a daughter, then she must surrender her to him, to which she agrees. Shortly thereafter, she gives birth to a daughter, Kamya, but refuses to surrender it. Mahua poisons her, abducts Kamya, and takes her to Nevla, but Thakur Pratap Singh intervenes just in time, banishes the former to a coffin in a cavern, and rescues his daughter. 18 years later, Kamya herself will be compelled to approach and resurrect Nevla in order to win the love of Kumar - who she is obsessed with - and will do anything to make him her's forever.",1990-05-07,4.8,0,0,,Bollywood,153170
Agra,Drama,sexuality urban life sexual repression horny interpersonal relationships indian family personal space,https://image.tmdb.org/t/p/w300/biX8D3kSh4HuZzf1r0ynRgaEJte.jpg,The story of a family and an exploration of space in an increasingly crowded world. It follows the quest for a sexual odyssey of an individual.,2025-11-14,5.0,0,0,,Bollywood,1059007
Dear Zindagi,Drama Romance,depression cinematographer coming of age psychologist,https://image.tmdb.org/t/p/w300/oUg0N2isgZ5rrxdXnsemcKolfKZ.jpg,"Kaira, a young girl, faces problems in her relationships. She meets Dr Jehangir, who helps her resolve her issues with her parents and get a new perspective on life, which leads to her following her passion and an improvement in her love life.",2016-11-23,7.0,4300000,3376375,📉 Flop,Bollywood,413543
Attack,Action Science Fiction Thriller,"artificial intelligence (a.i.) post-traumatic stress disorder (ptsd) delhi, india prime minister hostage-taking parliament memory loss super soldier cyberpunk soldier terrorist attack genetic engineering indian army death of girlfriend 2010s mumbai military sci-fi islamic terrorism 2020s",https://image.tmdb.org/t/p/w300/A9FjibQFfkPVrfQcM3dlY6fkYpJ.jpg,"With the Parliament under siege, India’s first super soldier Arjun Shergill is tasked to get hold of the terrorists in time, save the Prime Minister from their clutches and stop a dirty bomb from exploding and destroying Delhi.",2022-04-01,6.761,9600000,2600000,📉 Flop,Bollywood,799155
Circus,Drama,,https://image.tmdb.org/t/p/w300/rS8AktETLob1NUGZsqWkfGBwXP4.jpg,"Set in modern day urban India - a concrete jungle of glaring class divisions and contrasting lifestyles under the same roof. A woman working in the corporate world struggles to be included in an office filled mostly with men. Another man, employed as a domestic helper in a rich home, grows increasingly frustrated with his chores of cleaning up after the house dog and his low wages. The consequences are devastating.",2018-04-19,0.0,0,0,,Bollywood,28978
Chand Mera Dil,Romance Drama,ambition romance coming of age adulthood college romance,https://image.tmdb.org/t/p/w300/9LPkXJustudEBgPZEm9tgDx5KtC.jpg,"Aarav and Chandni's passionate college romance is struck by adulthood far too soon, forcing the two young lovers to balance their ambitions with responsibility and realize the evolved meaning of love.",2026-05-22,5.6,0,0,,Bollywood,1371023
Babita Singh Reporting,Crime Drama,inspirational intimate suspenseful,https://image.tmdb.org/t/p/w300/owuFDxJOG1nv3J2wMf5f5jQjqHn.jpg,"People-pleasing cop Baby accepts a fake charge to get leave for her sister-in-law’s baby shower in Rewa. There, she reunites with her childhood friend Bansi, who is murdered that very night. Defying dismissive in-laws, an indifferent husband and an apathetic local police force, she secretly investigates the murder, uncovering family betrayals while finding her own voice, courage and place as a real cop.",2026-08-28,5.0,0,0,,Bollywood,1654516
Bandar,Thriller,,https://image.tmdb.org/t/p/w300/3RRA8UBAdPC08spbDgnU0ykQ2MR.jpg,"TV star Samar's life spirals when his ex Gayatri accuses him of rape after he blocks contact with her. Despite his new relationship with Khushi, he faces arrest and encounters a corrupt justice system.",2026-06-04,5.857,0,0,,Bollywood,1293550
Krishnavataram Part 1: The Heart (Hridayam),Adventure Romance Drama,"hinduism period drama based on myths, legends or folklore ancient india incarnation lord krishna romantic drama romantic fantasy epic romance epic drama devotional film",https://image.tmdb.org/t/p/w300/7AxJYvPWLlNiGH52A9eenDxQzu8.jpg,"An epic devotional narrative that reimagines the journey of Lord Krishna, tracing his path from Dwarka to Kurukshetra after parting ways with Radha. As his journey unfolds, it explores his connection with people, his layered personality, and the lessons he imparts about love and life.",2026-05-07,8.857,16000000,1000000,📉 Flop,Bollywood,1673393
Uri: The Surgical Strike,Action Drama War,army based on true story terrorism india terrorist attack indian army,https://image.tmdb.org/t/p/w300/yNySAgpAnWmPpYinim9E0tUzJWG.jpg,"Following the roguish terrorist attacks at Uri Army Base camp in Kashmir, India takes the fight to the enemy, in its most successful covert operation till date with one and only one objective of avenging their fallen heroes.",2019-01-11,7.054,0,0,,Bollywood,554600
Hera Pheri,Comedy Crime,,https://image.tmdb.org/t/p/w300/23MKGUPT5laTStim4TaGhfgSltu.jpg,"Two tenants and a landlord, in desperate need of money, chance upon a ransom call via a cross connection. They hatch a plan to claim the ransom for themselves.",2000-03-31,7.129,1666000,4755000,✅ Hit,Bollywood,21614
Andhadhun,Crime Mystery Thriller Comedy,witness pianist blind man piano excited,https://image.tmdb.org/t/p/w300/dy3K6hNvwE05siGgiLJcEiwgpdO.jpg,A series of mysterious events changes the life of a blind pianist who now must report a crime that was actually never witnessed by him.,2018-10-05,7.603,4500000,40000000,🔥 Superhit,Bollywood,534780
Singham Again,Action Drama Thriller Crime,singham 3 rohit shetthy universe,https://image.tmdb.org/t/p/w300/2JbNkHg8m7LaBy61LyrnnlenaxY.jpg,The cop universe expands with newer additions while the old ones return led by Bajirao Singham. Singham Again interweaves the mythological epic Ramayana's good vs evil narrative when his wife Avni Kamath gets abducted by Danger Lanka setting Bajirao and his gang of Sangram Bhalerao and Veer Sooryavanshi along with Satya and Shakti Shetty on a mission to rescue her.,2024-11-01,4.956,41100000,43800000,➖ Average,Bollywood,1014214
Heer Sara,Adventure Comedy Drama,,https://image.tmdb.org/t/p/w300/3cXdREhUugVwGy6DkKsdkn9VPaD.jpg,"Two women embark on a rebellious motorcycle odyssey to Pondicherry - one seeking her lost mother, the other racing to uncover the truth behind a wedding. Laughter, chaos and sisterhood spark freedom, self-worth and eco-conscious living.",2026-06-12,5.0,0,0,,Bollywood,1714670
Bandit Queen,Action Crime Drama History,guerrilla warfare 1970s biography poverty bandit militant social issues 1960s,https://image.tmdb.org/t/p/w300/aYJgxlxo0NZvA075d4BelEjsbJA.jpg,"Born a lower-caste girl in rural India's patriarchal society, ""married"" at 11, repeatedly raped and brutalized, Phoolan Devi finds freedom only as an avenging warrior, the eponymous Bandit Queen. Devi becomes a kind a bloody Robin Hood; this extraordinary biographical film offers both a vivid portrait of a driven woman and a savage critique of the society that made her.",1994-01-26,6.569,0,399,,Bollywood,14785
Purush,Drama,,https://image.tmdb.org/t/p/w300/8fe98OBbTB97spQQqAl1kHT9huF.jpg,"Purush is a Hindi play starring Ashutosh Rana, Gulki Joshi, Paromita Chatterjee and Deepak Qazir.  The play showcases the evils of the Indian patriarchal society. Ambika, a victim of the male dominated society fights not only herself but also for other women.",2020-04-17,0.0,0,0,,Bollywood,714874
Thugs of Hindostan,Adventure Action,,https://image.tmdb.org/t/p/w300/eonEvymAPpXvWvbBu21HYJx8VdS.jpg,"After the British company’s officer Clive takes over the kingdom of Mirza, Princess Zafira and Khudabaksh aka Azaad form a band of rebel pirates who swear to defeat the English officer and win their freedom back. The British Company in return, hire the wily thug Firangi track Azaad’s gang and thwart his plans.",2018-11-07,5.547,31000000,3136000,📉 Flop,Bollywood,472138
Dashera,Fantasy Drama,,https://image.tmdb.org/t/p/w300/gwyOJttA1QS1sJCWXgAhcFGV3sT.jpg,"When Kali Dev challenges Dharma Dev that every human can be corrupted by wealth in the age of Kaliyug, an innocent mortal becomes the ultimate battlefield. Enter Seth Shriyal—a deeply pious and honest man loved by his entire town. Determined to win the divine wager, Kali Dev teams up with Shriyal’s jealous neighbor to orchestrate a public disgrace. Starring golden-age legends Nirupa Roy, Shahu Modak, and a stellar ensemble cast, this rare 1956 classic is a sweeping mythological tale of integrity, temptation, and the ultimate test of human righteousness.",1956-02-25,0.0,0,0,,Bollywood,1770495
Lonely Girl,,,https://image.tmdb.org/t/p/w300/qEjG9s3ELvsNO4RwhP0WCuuMGjs.jpg,,2020-08-09,0.0,0,0,,Bollywood,849783
Lagaan: Once Upon a Time in India,Adventure Drama History,countryside sports patriotism village musical challenge cricket taxes based on true story period drama colonialism british colonial arrogance untouchable caste system drought 19th century british raj gujarati teamwork 1890s,https://image.tmdb.org/t/p/w300/yNX9lFRAFeNLNRIXdqZK9gYrYKa.jpg,"The year is 1893 and India is under British occupation. In a small village, the tyrannical Captain Russell has imposed an unprecedented land tax on its citizens. Outraged, Bhuvan, a rebellious farmer, rallies the villagers to publicly oppose the tax. Russell offers a novel way to settle the dispute: he challenges Bhuvan and his men to a game of cricket, a sport completely foreign to India. If Bhuvan and his men can defeat Russell's team, the tax will be repealed.",2001-06-15,7.277,5200000,8100000,➖ Average,Bollywood,19666
Mafia 2,,,,,2021-06-03,0.0,0,0,,Bollywood,858807
Firangi,Drama Comedy,,https://image.tmdb.org/t/p/w300/5yAGFoaylYzWeksfaedt06iu868.jpg,"Set in 1920, during the colonial era, Firangi tells the story of a mutiny staged by villagers against the British.",2017-11-30,3.6,0,0,,Bollywood,483208
Mohabbatein,Drama Romance,becoming an adult tradition forbidden love musical elite principal discipline school life teachers and students loving apologetic hopeful,https://image.tmdb.org/t/p/w300/dDsYaBazrYKg9bv8qgsEohZQMat.jpg,"At a prestigious all-male university, three friends seek love outside of the school grounds; at the same time, a newly-hired music teacher seeks to befriend and loosen up the militantly strict headmaster.",2000-10-27,7.1,4000000,20000000,🔥 Superhit,Bollywood,11518
Veer-Zaara,Drama Romance,prison class society love of one's life pilot musical pakistan india kashmir conflict ambiguous,https://image.tmdb.org/t/p/w300/j267YqLvKAHeyykTflxzpgVgviQ.jpg,"Squadron Leader Veer Pratap Singh, a pilot in the Indian Air Force, rescues the stranded Zaara, a woman from Pakistan, following a bus accident, and their lives are forever bound.",2004-11-12,7.5,7000000,29385320,🔥 Superhit,Bollywood,4251
Thamma,Horror Comedy,maddock horror comedy universe (mhcu),https://image.tmdb.org/t/p/w300/udkbDwBbysCGEydt0FHnl9dVO2k.jpg,"Two destined lovers battle supernatural forces, family ties, and nature itself to defend their forbidden romance in a mystical world where ancient powers and prophecies threaten to keep them apart.",2025-10-21,6.563,0,0,,Bollywood,1196364
The Kerala Story 2,Crime Drama,,https://image.tmdb.org/t/p/w300/5btAk8YTRT3FLsqQBumN5eCk8xO.jpg,"Three young Indian women across different states choose love over tradition, only to become trapped. Their parallel lives show how romance and rebellion transform into control and silence, turning love into a weapon that destroys freedom.",2026-02-27,5.4,0,0,,Bollywood,1625582
Devdas,Drama Romance,"based on novel or book courtesan melancholy musical remake calcutta family disapproval childhood sweetheart 1900s kolkata, india sentimental",https://image.tmdb.org/t/p/w300/4IJObbE9c3rO0bZxMwMtt5n9g2n.jpg,"In 1900s India, Calcuttan zamindar Devdas Mukherjee — unable to marry his lover — takes up alcohol and the company of a courtesan to alleviate the pain.",2002-07-11,7.5,6663555,13311117,➖ Average,Bollywood,15917
The Interview,Romance,,https://image.tmdb.org/t/p/w300/czJdMQVGzuAocfDOneaYd45HMoI.jpg,The Interview is a lust story where two girls conduct a fake interview hiring two guys and promising them a job on the basis of their performance in bed. They are taken to separate rooms and then seduced by the girls. One of them realizes the situation and bails out. The guy is left alone and has to perform with both girls now.,2020-08-24,0.0,0,0,,Bollywood,228967
Sikandar,Action Drama,,https://image.tmdb.org/t/p/w300/41s42CRXafa3OuRGvCtfYPEBmse.jpg,A tragic accident pushes the powerful Sikandar to protect the less fortunate by standing up to corruption and greed — using any means necessary.,2025-03-29,4.884,23500000,24727058,➖ Average,Bollywood,1257960
Raag,Drama,,https://image.tmdb.org/t/p/w300/1UqgwI1JaaviJw09wumSgzllJjV.jpg,"Raag revolves around the dehumanizing situation of commercial sexual exploitation of women in India. Madhu, who belongs to the Bedia community from the Bundelkhand region, vows to bring change through education.",2021-03-26,0.0,0,0,,Bollywood,465007
Instinct,,,https://image.tmdb.org/t/p/w300/ccRtBORy06wyZmpfKZlJXALwBRO.jpg,,2020-10-21,0.0,0,0,,Bollywood,402
The Critique,Action Comedy Western Crime,satire philosophical critique hilarious awestruck cliché kaustubh chaostubh zhavnya shenrawn,https://image.tmdb.org/t/p/w300/mdNfRFNMqhSnS0UMx8Wbk9aajFv.jpg,A simple surveillance gig goes sideways when two petty hustlers paid to investigate a hotel guest realize someone else has their sights set on the target. Genre:  Satire | Dark Comedy | Short-Film | Crime | Neo-Noir,2026-09-04,10.0,0,0,,Bollywood,1759264
King,Action Thriller,,https://image.tmdb.org/t/p/w300/74fHULlTBMGGLusfFBVAkMAZbce.jpg,"Mentor and disciple embark on a perilous journey, pushing their survival skills to the limit against overwhelming odds and unforgiving environments.",2026-12-24,0.0,0,0,,Bollywood,1543151
Rockstar,Drama Music Romance,adultery rock star musical terminal illness rebellious youth heartbreak rock musical,https://image.tmdb.org/t/p/w300/cJZC9riwrdATBUonkZJZD6y9g40.jpg,"College student Janardhan is a simpleton who desperately seeks inspiration for the musician inside him. Although heartbreak helps him reach his goal, it also leads him to self-destruction.",2011-11-11,7.3,10920000,19660000,➖ Average,Bollywood,79464
Ikkis,History War Drama,1970s based on true story period drama historical drama india pakistan war war drama based on real person biographical drama,https://image.tmdb.org/t/p/w300/dtdZ6QhcPyxGhpwamo8W8Yeiguh.jpg,"Second Lieutenant and India's youngest Param Vir Chakra recipient, Arun Khetarpal, gave his life fighting for his battalion and the country during the 1971 Battle of Basantar. Ikkis also takes a reflective look at the futility of war through the eyes of Khetarpal's father, who visits his ancestral home in Sargodha and Alma Mater for reunion, which now happens to be in post-partition Pakistan, 30 years later.",2026-01-01,6.521,0,0,,Bollywood,1196946
Biscut,Drama,hunger poverty democracy biscuit short film caste discrimination,https://image.tmdb.org/t/p/w300/zFgKQL95WsoCUdeAsQU8xZ6z0Sj.jpg,"BISCUT  (HOTSTAR-DISNEY RELEASE -2022)  In an Indian village ruled by muscle and money, one man sparks a revolution without guns or bullets by betting his life on just the power of democracy. Biscut is the awe-inspiring story of Bhoora, a poor Dalit (lower caste) youth condemned to a daily struggle for survival, who turns a collective curse into a formidable force for change.  BISCUT is the Hindi language word for a cookie or a biscuit.",2022-02-07,10.0,0,0,,Bollywood,977128
Number Game,Horror Mystery Thriller,,https://image.tmdb.org/t/p/w300/5MVBJGsSktcxHt952M0WtNKs8lg.jpg,"Emmy who lives in the UK, comes to India to organised a real life game. The game is launched in India. 5 players from 5 states participate in it to win Rs. 2 Crore. Three young boys and two beautiful girls become the part of the game.",2019-02-15,6.0,0,0,,Bollywood,583169
Rab Ne Bana Di Jodi,Comedy Drama Romance,,https://image.tmdb.org/t/p/w300/m8x6I2qf3R98HtF4DmJXcdxCU64.jpg,"A boring, reserved husband secretly becomes a lively, confident stranger to woo his own unaware wife only to make her fall head over heels for his dashing alter ego.",2008-12-11,7.1,0,29914469,,Bollywood,14072
Ghajini,Action Romance Thriller,tattoo businessman love at first sight gangster diary villain revenge brutality police officer polaroid medical student,https://image.tmdb.org/t/p/w300/cPLzHxPFRjzNvoyncdtDGBAxjp.jpg,"A man suffering from anterograde amnesia as a result of a violent attack in the past sets out to avenge his girlfriend's death with the aid of photographs, notes and tattoos all over his body.",2008-12-25,7.0,9100000,76000000,🔥 Superhit,Bollywood,14070
Student Of The Year,Comedy Drama Romance,friendship jealousy love triangle competition college scavenger hunt romance reunion triathlon,https://image.tmdb.org/t/p/w300/yQIph97KwXmMiXu1kOWPj065P8J.jpg,Several alumni reminisce about their final year at St. Theresa's College and the events that shaped their lives.,2012-10-19,5.8,8391922,13749809,➖ Average,Bollywood,138122
Laal Singh Chaddha,Drama Romance Comedy,mentally disabled based on novel or book remake india foreign language adaptation based on movie indian army official adaptation,https://image.tmdb.org/t/p/w300/g5rNmcznZX0UPm8CGjfk7kHcAbq.jpg,"Events in India's history — from the Emergency and the famous Cricket World Cup win to the Punjab riots ,  unfold from the perspective of an innocent Sikh man Laal Singh Chaddha, a person with a low IQ but high optimism. Laal is able to achieve everything under the sun but his childhood love continues to elude him.",2022-08-11,6.286,23000000,16000000,📉 Flop,Bollywood,601635
Kuch Kuch Hota Hai,Romance Drama Comedy,soulmates friendship bracelet love falling in love unhappiness childhood friends adoring joyful,https://image.tmdb.org/t/p/w300/5FmtHHDGPofW5Zjns1EM1D8503c.jpg,"Per her mother's last wish, an 8 year old girl sets out to reunite her father with his college best friend who was in love with him.",1998-10-16,7.467,2420000,25690000,🔥 Superhit,Bollywood,11854
Rang De Basanti,Comedy Drama History Romance,students' movement patriotism war of independence coming of age celebration corrupt politician indian freedom struggle,https://image.tmdb.org/t/p/w300/f1bF8CHzEu621bPSIg6XiUNAabh.jpg,"After a group of friends graduate from Delhi University, they listlessly haunt their old campus, until a British filmmaker casts them in a film she's making about freedom fighters under British rule. Although the group is largely apolitical, the tragic death of a friend owing to local government corruption awakens their patriotism. Inspired by the freedom fighters they represent in the film, the friends collectively decide to avenge the killing.",2006-01-26,7.088,2200000,11502151,🔥 Superhit,Bollywood,7913
Satluj,Crime Drama History,police brutality based on true story disappearance extrajudicial killing human rights violations,https://image.tmdb.org/t/p/w300/hm4ou83RwLVwNj3HsmQuqC1qkWy.jpg,"Triggered by the search for his missing aunt, human rights activist Jaswant Singh Khalra takes on a broken system in a courageous fight to uncover the conspiracy behind thousands of disappearances and extrajudicial killings during the nadir of Punjab’s period of insurgency.",2026-07-03,7.9,0,0,,Bollywood,1155818
Ek Tha Tiger,Action Thriller Romance,spy secret agent romantic tragic,https://image.tmdb.org/t/p/w300/jGTyeAH5KZuCX6Qat1VcTBXnqth.jpg,A top Indian agent is sent to observe the actions of a scientist but the mission complicates when he falls in love with the scientist's Pakistani caretaker.,2012-08-15,6.2,14040000,62690000,🔥 Superhit,Bollywood,85985
Blind Game,,,,An upcoming film. Plot TBA.,,0.0,0,0,,Bollywood,1755818
1232 KMs,Documentary Drama,,https://image.tmdb.org/t/p/w300/k0msMiSf0Rs8uR2E99ILDKV8ocz.jpg,"Weeks after the nationwide COVID-19 lockdown, seven migrant labourers, on the verge of starvation, decided to go to their village just like millions of others.",2021-03-24,8.8,0,0,,Bollywood,806516
Makkhi,,,https://image.tmdb.org/t/p/w300/f7AVyO7WIuHpdSVoCEbbVleNcoK.jpg,"The film follows the story of Pipal and Tutur, both employed as ’Fly Killers’ at a restaurant. They have the responsibility to keep the restaurant fly-free as the drainage next to the premise attract too many flies. When the drainage is closed the officials plan to shoo away the ‘Fly Killers’ like flies.",2012-01-01,0.0,0,0,,Bollywood,769588
The Great Grand Superhero: Aliens Ka Aagman,Comedy Family Drama,,https://image.tmdb.org/t/p/w300/6CYmHknTN2UGGhqQUZh4tqQ6fEr.jpg,Follows a grandfather and grandson whose relationship transforms through the child's imagination when they encounter aliens.,2026-05-28,8.0,0,0,,Bollywood,1653208
Fraud Ishq,Romance,,https://image.tmdb.org/t/p/w300/qylTON0DvqS4MRk3cYPsaN2TWF7.jpg,Meghna a housewife is watching Rahul exercise from her balcony then goes to his house persuading him to sleep with her. But Rahul refuses to do so but eventually has no choice as Meghna blackmails him. After some time Rahul’s girlfriend arrives who is meeting him for the first time as they met through social media. She tries to make love to Rahul but disoriented with the previous event Rahul is unable to do so.,2020-05-11,0.0,0,0,,Bollywood,850286
Koel,Drama Family,,https://image.tmdb.org/t/p/w300/mra30ngtc9a7V8KVp6XlQwBSG8I.jpg,"Sunder, a ten year old village boy, is encouraged by his poor parents to find a job in the city. He joins a dysfunctional family in Delhi as domestic/companion. He bonds with his employer Mataji (Honoured Mother) and her beautiful daughter-in-law Damini who is the sole earning member of the family. Mataji’s son, Manu, is unemployed and depressed. Damini has an admirer and Sunder, Mataji and Manu worry that she may leave the family. Sunder confides his worries to his friend, Bubbli, daughter of a neighbour. His wish for security leads to a traumatic event in the family.",,0.0,0,0,,Bollywood,713437
Jaat,Crime Action Thriller,,https://image.tmdb.org/t/p/w300/guTflsCTgLNqTbpHTi9gJANk1Rf.jpg,"A mysterious stranger journeys to a remote town controlled by a callous crime lord, with one violent mission — restoring justice to its people.",2025-04-10,6.3,11764705,12117647,➖ Average,Bollywood,1306845
Tumbbad,Fantasy Horror,husband wife relationship independence village greed india evil wheat hindu mythology cursed father son relationship suspenseful horrified,https://image.tmdb.org/t/p/w300/vzjZAKozbDplHWcQXbXo0APKxst.jpg,"India, 1918. On the outskirts of Tumbbad, a cursed village where it always rains, Vinayak, along with his mother and his brother, care of a mysterious old woman who keeps the secret of an ancestral treasure that Vinayak gets obsessed with.",2018-10-12,7.634,0,0,,Bollywood,538858
Dunki,Adventure Comedy Drama,affectation ambiguous,https://image.tmdb.org/t/p/w300/kPRb1mbVHGop0egQ7153y0lhzGL.jpg,"Four friends from a sleepy little village in Punjab share a common dream: to go to England. Their problem is that they have neither the visa nor the ticket. A soldier alights from a train one day, and their lives change. He gives them a soldier's promise: He will take them to the land of their dreams. What follows is a hilarious and heartwarming tale of a perilous journey through the desert and the sea, but most crucially through the hinterlands of their mind.",2023-12-21,6.324,14500000,15000000,➖ Average,Bollywood,960876
Girls Will Be Girls,Drama Romance,coming of age woman director female writer,https://image.tmdb.org/t/p/w300/psklilaTgyczbHidamDlpFWodb0.jpg,"In a strict boarding school nestled in the Himalayas, 16-year-old Mira discovers desire and romance. But her sexual, rebellious awakening is disrupted by her mother who never got to come of age herself.",2024-08-21,7.042,0,17156,,Bollywood,1108828
Fan,Action Adventure Thriller,obsession revenge fan culture obsessed fan deconstruction of celebrity,https://image.tmdb.org/t/p/w300/ui7DYyQB4wsbBvom97KPNkldYWa.jpg,"A man who bears a striking resemblance to a renowned movie star becomes an obsessive fan, but when his fierce love is spurned by the star, he decides to destroy the star's life and reputation.",2016-04-14,6.239,12750000,28000000,✅ Hit,Bollywood,377985
Love Sonia,Drama,sex trafficking child sex trade,https://image.tmdb.org/t/p/w300/qiCMgBHncFnH9IGn5KPWRz0hEDv.jpg,Inspired by a real story of young girl's journey escape from the world of international sex trafficking.,2018-09-14,7.2,0,0,,Bollywood,444000
4 Idiots,Comedy,,,A sequel to Rajkumar Hirani's 2009 cult-classic film '3 Idiots'.,,0.0,0,0,,Bollywood,1405475
Pushpanjali,Romance Drama,,https://image.tmdb.org/t/p/w300/hWdJF7ZNDshPjM1kKHloTv5hhqa.jpg,"Pushpanjali (An Offering of Flowers) is a 1970 Hindi, romantic drama film, produced and directed by Kishore Sahu. The film was made under the ""Kishore Sahu Productions"" banner. Dinesh Khanna, his wife, Lata, and their son, Pappu, lead a harmonious and happy upper-middle class life in Bombay, India. Despite of their happiness, they know that Lata's heart is weak, and unable to withstand shock or over-excitement. While on a outing, Pappu starts having health problems, and must be admitted in hospital, so that various tests can be carried out to isolate and treat the problem. A few days later, Dinesh is at work, and the phone rings in the Khanna household. Lata answers the phone, and what she is told the shocking truth - a truth so devastating that it may take her life, and change the lives of her husband and child forever.",1970-09-25,0.0,0,0,,Bollywood,1770568
Deva,Action Thriller Mystery Crime,remake based on movie,https://image.tmdb.org/t/p/w300/8KGVSYfwLQMdAUgtuiXMl7ohg1a.jpg,"Dev Ambre, a ruthless cop, loses his memory in an accident just after he has finished solving a murder case and now has to reinvestigate it while keeping his memory loss a secret from everyone except DCP Farhan Khan.",2025-01-31,6.2,5882000,6705000,➖ Average,Bollywood,1195430
Madam,,,,It is not about male or female. Madam is a tale about power.,,0.0,0,0,,Bollywood,599335
Be Happy,Drama Music Family,father daughter relationship,https://image.tmdb.org/t/p/w300/6bvW47MtJKo2ipPYJ2xDvdf4zbz.jpg,A single father attempts to help his talented daughter achieve her dream of performing on the country's biggest dance reality show.,2025-03-14,6.4,0,0,,Bollywood,607141
Dil Chahta Hai,Drama Romance,urban life,https://image.tmdb.org/t/p/w300/d5yjk7hbv8AK0DR0oJUrSGHMn9A.jpg,"Three inseparable childhood friends are just out of college. Nothing comes between them - until they each fall in love, and their wildly different approaches to relationships creates tension.",2001-07-24,6.901,2079000,4099000,➖ Average,Bollywood,14752
Manoranjan,Drama,short film,https://image.tmdb.org/t/p/w300/iSg4HjbOhyXanD3VygCR9NMMuUq.jpg,"An 18-year-old man visits an apparently conventional household. Therein, layer by layer, the husband and wife’s family stories begin to contradict one another—until things start to get spooky",2022-02-03,5.5,0,0,,Bollywood,893165
Homebound,Drama,,https://image.tmdb.org/t/p/w300/vyezjSvSdLO0bvr6jSNuFi6yuiw.jpg,"Two childhood friends from a small North Indian village chase a police job that promises them the dignity they’ve long been denied. But as they inch closer to their dream, mounting desperation threatens the bond that holds them together.",2025-09-26,7.739,0,0,,Bollywood,1227739
Hichki,Drama Comedy,educational based on movie,https://image.tmdb.org/t/p/w300/awN7MPVHcubWEqfo7T5jidx3xYY.jpg,"After finally landing a teaching job, a kindhearted woman with Tourette Syndrome faces a flawed system to provide an education to her forgotten students.",2018-03-23,7.6,2000000,25629954,🔥 Superhit,Bollywood,493623
Hamara Ghar,,,https://image.tmdb.org/t/p/w300/cisnhBXPhP0onBztfrK4uMZFTii.jpg,The story is of a family consisting of a mother and her five sons. A relative causes discord. The mother argues they need to stay united like the walls of a room to avoid collapse.,1950-10-20,9.0,0,0,,Bollywood,1554739
Do Deewane Seher Mein,Romance Drama Comedy,,https://image.tmdb.org/t/p/w300/p8yPjT9NAH87oD9TedclRaAW7RY.jpg,"Two socially awkward millennials in Mumbai find love while struggling with self-acceptance. As they battle insecurities and societal pressure, their journey takes them from city chaos to mountain serenity.",2026-02-20,6.579,0,0,,Bollywood,1241693
The Deal,,,https://image.tmdb.org/t/p/w300/ZYbKDaImqo3CZzmbId4wlN7K7G.jpg,A story of a married couple living a luxurious lifestyle and Dhiraj is a businessman who ends up into big loss. He has lost all his money and their finances take a nosedive into debt. With 7 days to repay the Money Dhiraj reaches out to an old friend who is one of the biggest business tycoons of India. She invites them over to her villa for dinner. She agreed to help Dhiraj but also made an Indecent Proposal that Dhiraj has to sleep with her. Neha silenced as Dhiraj does not hesitate to agree as it is just a matter of one-night and he knows this is an easy way out of the debt and to continue living a lavish life.,2020-06-10,0.0,0,0,,Bollywood,76472
Don 2,Action Thriller,sequel,https://image.tmdb.org/t/p/w300/2gBM8c36HIwn4vc2UuMeliqiCKY.jpg,"Having conquered the Asian underworld, crime boss Don sets in motion a plan that will give him dominion over Europe.",2011-12-23,7.0,11000000,2900000,📉 Flop,Bollywood,41109
Krrish,Action Science Fiction,superhero,https://image.tmdb.org/t/p/w300/Apd4UKesyTmpDutEjNVHP45kvBi.jpg,"In Singapore, Krishna is forced by circumstances to use his superpowers and become a masked superhero named Krrish, before getting drawn towards his lost legacy.",2006-06-23,6.485,5000000,16000000,✅ Hit,Bollywood,32740
Forbidden Love,Drama,,https://image.tmdb.org/t/p/w300/Vw1fsB4msHkODNh8BIY8D6NzH4.jpg,"Neha, a simple small-town girl gets drawn to the glamourous world of advertising. Enamoured by her boss Rajeev, her life with Sameer takes a forbidden turn! Trapped in a triangle of Desire, Loyalty and Ambition, will she find a way out?",2024-10-24,0.0,0,0,,Bollywood,1376020
Civil Marriage,,,https://image.tmdb.org/t/p/w300/dqCCHkBIfquXXENwXgQ3LNToHrN.jpg,"Two devoted sisters find themselves in love with the same man, and in an act of sacrifice, one lets the other marry him. Life seems settled until a newcomer—a man with progressive, socialist ideals—arrives, challenging their traditional outlook and stirring emotions long buried. His presence forces both women to confront their feelings, question the choices they’ve made, and navigate the tension between duty, personal happiness, and changing social values, culminating in a quiet yet emotionally charged resolution.",1940-06-08,0.0,0,0,,Bollywood,1526926
The Making,Drama,filmmaking,https://image.tmdb.org/t/p/w300/aUhtMAVNWQ6hb7SnJQRbDMYeZdA.jpg,Dwij and his friends are tasked to make a short film under 40 hours.,2021-06-26,0.0,0,0,,Bollywood,18875
Jodhaa Akbar,Romance History Drama,husband wife relationship marriage crisis emperor hindu biography sword fight period drama domineering mother mughal empire marriage of alliance 16th century love after marriage hindu muslim conflict,https://image.tmdb.org/t/p/w300/gPjgeywFNTlh9IUuXWy85nn4h8J.jpg,A sixteenth century love story about a marriage of alliance that gave birth to true love between a Mughal emperor and a Rajput princess.,2008-02-13,7.296,5800000,28700000,🔥 Superhit,Bollywood,14073
Shuttlecock Boys,Drama,,https://image.tmdb.org/t/p/w300/6anA57vPp9vU2nCGSHgaqGmWIzR.jpg,Playing badminton helps four boys decide to try something on their own.,2012-08-02,10.0,70000,0,,Bollywood,215726
Raat Bhar,,,https://image.tmdb.org/t/p/w300/7CXnCZWaDeqweB9ZybpqcjPExz4.jpg,,2020-09-21,0.0,0,0,,Bollywood,853943
Hitman,Action Thriller,,,,,0.0,0,0,,Bollywood,1620
System,Thriller,truth justice courtroom drama legal system power dynamics class divide public prosecutor female lead,https://image.tmdb.org/t/p/w300/ddSTqsxOoXs77xnKpP7XBPqiero.jpg,"When Neha Rajvansh, a privileged public prosecutor, meets Sarika Rawat, a courtroom stenographer from a humble background, their lives are thrown into upheaval where power defines truth, blurring the system and raising a question of what justice truly means to them.",2026-05-22,7.0,0,0,,Bollywood,1431071
Rowdy Rathore,Action Comedy Crime,fight cop love remake thief revenge look-alike goon,https://image.tmdb.org/t/p/w300/ytdp64MDSpONpm932nQcMTD95IF.jpg,"A small-time thug comes across a young girl who claims him to be her father, following which he realizes he has a lookalike who's being hunted by goons.",2012-06-01,6.0,6700000,31000000,🔥 Superhit,Bollywood,102632
Bodyguard,Drama Action Romance,lie diary college remake train railroad,https://image.tmdb.org/t/p/w300/12VEUEHebd9ydQs0Y4ikzb179LY.jpg,"Lovely Singh is extremely respectful of Mr Rana and his daughter Divya. While appointed as Divya's bodyguard, he falls in love with a girl he has never met, unaware that she is none other than Divya.",2011-08-31,5.2,0,0,,Bollywood,73582
Airlift,Drama Thriller,evacuation based on true story iraq war,https://image.tmdb.org/t/p/w300/6jch9EHHpg74HvAXBaWJg8m2LwT.jpg,"When Iraq invades Kuwait in August, 1990, a callous Indian businessman becomes the spokesperson for more than 170,000 stranded countrymen.",2016-01-22,7.144,4500000,32000000,🔥 Superhit,Bollywood,375290
Oye Lucky! Lucky Oye!,Action Comedy,,https://image.tmdb.org/t/p/w300/rtuw7H9ACOfs9BtRGF9okrr8yJH.jpg,"Lovinder Singh, a thief now in custody and facing trial, reflects on his life of crime while the press reflect on how he managed to get away with so much before being arrested.",2008-11-28,7.0,1400000,1700000,➖ Average,Bollywood,15975
Assi,Crime Drama Thriller,courtroom drama investigative thriller,https://image.tmdb.org/t/p/w300/mSLtAAHdnqQisw9JbeWKVJDHhTs.jpg,"When Parima, a school teacher in Delhi, is gang-raped on her way home late at night after an office party, Raavi, a prosecution lawyer, fights tooth and nail to help her get justice. But when eighty sexual assault cases are reported in India every single day, regardless of age group, ethnicity, time, or place,  and only four go to trial, what does justice really mean?",2026-02-20,6.5,0,0,,Bollywood,1435606
Lost Ladies,Comedy Drama Romance,bride rural india adventure,https://image.tmdb.org/t/p/w300/yXt07MYeiyQRzS69PMHy0BPjCGP.jpg,"In 2001, somewhere in rural India, two young brides get accidentally swapped on a train. In the ensuing chaos, they both encounter a host of colourful characters, resulting in hilarious and unexpected consequences.",2024-03-01,7.8,600000,3020000,🔥 Superhit,Bollywood,1163194
Lovers in the Blue Night,Romance Drama,"class mumbai (bombay), india poverty displacement gender migrant worker urban survival hidden desires",https://image.tmdb.org/t/p/w300/hiXan7HSkpUldPkdab44NC5NXdl.jpg,"Set against the margins of Mumbai, the film follows four migrants – a gay husband, his wife working in a bar, a thief, and a pimp – whose lives converge around love, survival, and longing",2026-09-11,0.0,0,0,,Bollywood,1699532
Chef,Drama Comedy Family,chef father son reunion,https://image.tmdb.org/t/p/w300/6GHPvxiy0Y7hnumdNubwsGqHTc1.jpg,"Roshan Kalra is a three-star Michelin chef who gets fired from New York's Gulli restaurant after he punches a customer. Forced to take a break, he flies to Kochi to spend time with his son, Armaan and his estranged wife Radha Menon. It's a fruitful trip because he manages to mend broken family ties. In a bid to help him get his mojo back, his wife suggests he put up his own food truck and begin afresh.",2017-10-06,5.529,0,0,,Bollywood,471972
Systam,Drama,,https://image.tmdb.org/t/p/w300/yRwDgK7Xk054hLyVcHndOzSNv87.jpg,"SYSTAM highlights the inhumanity of those highest on the hierarchy, the dominant to the destitute. The film metaphorically depicts the whole process of child trafficking in a systematic way to unveil this hidden scheme. It further accentuates the reality of survival for the fittest, and expresses a range of emotions in the oppressed: the fear, anguish and monotony that shade them for life.",2021-04-30,0.0,3350,0,,Bollywood,986166
Arjun Pandit,Action Crime Romance,,https://image.tmdb.org/t/p/w300/qUbfKDqTKlNlVAZXjxMOl6CUO87.jpg,An unexpected betrayal transforms a meek college professor into a cold-blooded gangster who wants to marry a woman against her wishes.,1999-08-11,5.818,0,0,,Bollywood,213565
Bayaar,Drama Mystery,death secret mystery,https://image.tmdb.org/t/p/w300/jEGpn4JY7vqYJVO4JeWFTIYIPY6.jpg,,2026-07-08,0.0,0,0,,Bollywood,1728442
Dhoom 2,Drama Action Thriller Crime,robbery musical sequel heist disguise buddy cop motorcycle chase,https://image.tmdb.org/t/p/w300/3zJLnrP9g9LSMpX5C1wau49gGUv.jpg,"Jai and Ali return, this time on the trail of an international thief who steals priceless artifacts and has chosen Mumbai as his next target.",2006-11-24,6.6,11000000,46396427,🔥 Superhit,Bollywood,14194
Bhabiji Ghar Par Hain! Fun on the Run,Adventure Comedy Family Romance TV Movie,,https://image.tmdb.org/t/p/w300/iuVlVRoBL1fHhBlVjS58MpBES05.jpg,"Two rival neighbors and their wives embark on a chaotic road trip, encountering two eccentric brothers who transform their journey into a hilarious adventure full of mishaps and unexpected twists.",2026-02-06,5.0,0,0,,Bollywood,1587124
Dry Dream,Drama Crime,,https://image.tmdb.org/t/p/w300/6puLLykyMKEAklmbLe0MUj97GCI.jpg,A woman and her little brother visit their neighbour to ask for water.,2015-10-16,0.0,0,0,,Bollywood,1100431
Love Exchange,,,,,2020-12-30,0.0,0,0,,Bollywood,853672
Gangubai Kathiawadi,Crime Drama,based on novel or book biography,https://image.tmdb.org/t/p/w300/x9ihTw6lJzPRiM2imWoER42FBZZ.jpg,"Duped and sold to a brothel, a young woman fearlessly reclaims her power, using underworld connections to preside over the world she was once a pawn in.",2022-02-24,7.5,12000000,25300000,✅ Hit,Bollywood,664332
Dilwale,Crime Action Comedy,mafia,https://image.tmdb.org/t/p/w300/pYgPu6hhOr61knwbestTx4vSdMb.jpg,Raj is a Mafia member. One day he meet a girl (Meera) while chasing by his rival gang and falls in love with her. Later he finds out that this girl is the daughter of the leader of his rival gang. Yet their love story continues until he was shot by his girlfriend upon a deep misunderstanding. After that incident these two lovers lives separate until their siblings fallen in love. With this new love story their paths intertwines again.,2015-12-18,6.579,26000000,61000000,✅ Hit,Bollywood,370665
Kalank,Drama Romance,blacksmith terminal illness caste system illegitimate son publishing house semi-narrative partition of india,https://image.tmdb.org/t/p/w300/aU4DMIzR7u3EHqQ123oLmi9JTbL.jpg,"In Pre-Independent India, circa 1945, the elite, opulent and solemn world of the Chaudhry family, and the wild, mysterious and musical underbelly of the town, Hira Mandi, clash when Roop Chaudhry encounters Zafar, a daredevil from Hira Mandi, unleashing deep-buried truths, secrets of betrayal and affairs that threaten to bring both worlds crashing down.",2019-04-17,5.8,0,17987034,,Bollywood,556271
Don,Action Drama Thriller,drug trafficking remake doppelgänger,https://image.tmdb.org/t/p/w300/1d52h7aDRlc5IPUFno24XPNT6hA.jpg,"DCP DeSilva sees a way to bring to justice the feared head of a criminal empire by recruiting a man named Vijay, who looks exactly like the crime boss. The ruse works too well, and soon Vijay finds his life in danger when DeSilva, the only one who knows his true identity, dies.",2006-10-20,6.929,5000000,15000000,✅ Hit,Bollywood,17501
The Diplomat,Thriller Drama,based on true story pakistan sexual violence sex trafficking forced marriage,https://image.tmdb.org/t/p/w300/uwl9Y4px8TTIQK4N19k6gnW1RnX.jpg,"The Deputy High Commissioner, J.P. Singh, faces an unusual crisis when a mysterious woman rushes inside the Indian High Commission in Islamabad, claiming forced marriage in Pakistan and seeking a return to India.",2025-03-07,6.543,2400000,3100000,➖ Average,Bollywood,1147546
Vadh 2,Crime Drama Thriller,,https://image.tmdb.org/t/p/w300/Aj1Q7QPpt1kTrbNBRENPh0rwEot.jpg,"A police officer's pursuit of truth in a shocking prison crime intertwines with the lives of a widowed prison guard and a soon to be released inmate, unravelling a web of morality and redemption.",2026-02-06,5.6,0,0,,Bollywood,1595507
Salaam Namaste,Comedy Romance Drama,remake falling in love relationship unplanned pregnancy,https://image.tmdb.org/t/p/w300/wL1lm92Da9R7VEPXD0ZCSt1kuUd.jpg,"Two young Indian expatriates in Melbourne, Australia, Nick, a chef and radio host Ambar, who decide to live together without marriage, leading to conflict and unexpected parenthood when Ambar gets pregnant.",2005-09-09,6.2,2500000,0,,Bollywood,15084
Vijay 69,Drama Comedy,,https://image.tmdb.org/t/p/w300/tSQzRaYyKEjM8gEyhqayU4rhbdU.jpg,"An adventurous, foul-mouthed former swimming coach reaches for record-breaking glory when he attempts a triathlon at 69 years old.",2024-11-08,7.0,0,0,,Bollywood,1252457
Mere Lal,Drama Family,,https://image.tmdb.org/t/p/w300/eGMMTfwxUK4voFpbfdym5aQReRR.jpg,"Mere Lal (transl. My Son) is a 1966 Indian Hindi-language drama film directed by Satyen Bose and produced by Jyotsna Sen. It is a remake of the 1963 Bengali film Badshah, based on the story of Nihar Ranjan Gupta. The film stars Dev Kumar, Indrani Mukherjee and Mala Sinha. It focuses on a stone-hearted dacoit who, when thrust with the responsibility of bringing up a lost child he finds on a riverbank, mends his ways and becomes an honest wage-earner.",,0.0,0,0,,Bollywood,1770553
Khooni Khazana,Action Adventure Crime Mystery Thriller,,https://image.tmdb.org/t/p/w300/9fBg5V9MNyH9CKpCxIOko8y38Vr.jpg,"The story revolves around Raajgarh, a hill station town with an old legend about massive ancestral wealth buried to protect it from attackers. Explorers frequently visit to find the treasure, facing mysterious circumstances.",1964-01-01,0.0,0,0,,Bollywood,1770478
RRR,Action History Drama,rescue revolution liberation slavery male friendship freedom fighter british empire interracial romance historical fiction period drama historical 1920s history of india killed in action war,https://image.tmdb.org/t/p/w300/u0XUBNQWlOvrh0Gd97ARGpIkL0.jpg,A fictional history of two legendary revolutionaries' journey away from home before they began fighting for their country in the 1920s.,2022-03-24,7.717,69000000,166602994,✅ Hit,South,579974
Sri Sri,Romance Drama,,https://image.tmdb.org/t/p/w300/7AQb1cvO1PC2rFSNHIsKagXRNav.jpg,"He loved a girl with no past and gave her a future ....Now destiny returns to take her back , steeped in a forgotten life , buried memories and claims he cannot disprove, caught between destiny and love , she must decide what truly means",2026-12-03,0.0,0,0,,South,1516102
Peddi,Action Drama,sports politics cricket 1980s multi-sports,https://image.tmdb.org/t/p/w300/kJAJNNBYlbqAcpTDxBNnaILSMTy.jpg,"In a village that doesn't officially exist, a laborer's unmatched athletic talent becomes his weapon to fight for his people's right to be recognized.",2026-06-03,5.8,36500000,35700000,📉 Flop,South,1057265
The Paradise,Action Thriller Drama,slum gang leader oppression 1980s tribes,https://image.tmdb.org/t/p/w300/nwfbqtbFbgqQuMfAtkesuCVHJjq.jpg,"In 1980s Secunderabad, a marginalised tribe battles discrimination and fights for citizenship under an unexpected leader's guidance, challenging systemic oppression.",2026-09-23,0.0,15700000,0,,South,1376856
Couple Friendly,Romance Drama,live in relationship,https://image.tmdb.org/t/p/w300/kiKGBPQC6exxUbIrOMnDtuU4soC.jpg,"Couple Friendly follows the journey of a Telugu boy and girl who both reside in Chennai. Their paths cross under unique circumstances, and the story deals with the challenges they face in their careers and relationship. Set in a city where they don't speak their mother tongue, the film explores the emotional highs and lows of navigating life and love in an unfamiliar environment.",2026-02-13,7.2,0,0,,South,1440735
Bāhubali 2: The Conclusion,Action Adventure Fantasy,kingdom bilingual,https://image.tmdb.org/t/p/w300/21sC2assImQIYCEDA84Qh9d1RsK.jpg,"When Mahendra, the son of Bāhubali, learns about his heritage, he begins to look for answers. His story is juxtaposed with past events that unfolded in the Mahishmati Kingdom.",2017-04-27,7.496,31000000,280700000,🔥 Superhit,South,350312
Karmakhya,Thriller Mystery Horror,,https://image.tmdb.org/t/p/w300/sGVN0bh4xQtJIHiXFy2JyWVOiMd.jpg,"A mysterious visit to a grieving family pulls a young woman into a terrifying world of secrets, black magic, and haunting illusions. As disturbing events begin to blur the line between reality and nightmare, Kaamakhya finds herself trapped in a chilling chain of events rooted in a dark past that refuses to stay buried.",2026-07-31,0.0,0,0,,South,1741770
Devara: Part 1,Action Drama,sea ship red sea boat fear battle unassuming swords ships violence boats,https://image.tmdb.org/t/p/w300/lQfuaXjANoTsdx5iS0gCXlK9D2L.jpg,"Devara, a fearless man from a coastal region, embarks on a perilous journey into the treacherous world of the sea to safeguard the lives of his people. Unbeknownst to him, his brother Bhaira is plotting a conspiracy against him. As events unfold, Devara passes on his legacy to his mild-mannered and timid son, Varada.",2024-09-26,6.8,31764000,54216867,➖ Average,South,811941
Raakaasa,Fantasy Comedy,human sacrifice demon ancestral curse,https://image.tmdb.org/t/p/w300/sXwVJJMIPB4duU1mWbagt5ikUtq.jpg,"Returning home after a decade, an NRI chasing romance inadvertently awakens an ancient darkness long feared by his village. As the threat intensifies, love turns deadly and life hangs in the balance.",2026-04-03,6.2,0,0,,South,1451078
Napoleon Returns,Horror,,,Plot unknown.,,0.0,0,0,,South,1569040
Bāhubali: The Beginning,Action Drama,kingdom medieval india ancient india bilingual,https://image.tmdb.org/t/p/w300/9BAjt8nSSms62uOVYn1t3C3dVto.jpg,"The young Shivudu is left as a foundling in a small village by his mother. By the time he’s grown up, it has become apparent that he possesses exceptional gifts. He meets the beautiful warrior princess Avanthika and learns that her queen has been held captive for the last 25 years. Shividu sets off to rescue her, discovering his own origins in the process.",2015-07-10,7.561,25130430,90747520,✅ Hit,South,256040
Lenin,Action Drama Romance,urban to rural transition,https://image.tmdb.org/t/p/w300/rAHQviBq8Fxi20hNtHPGLnr4L0f.jpg,"In a village trapped by generations of bloodshed, a determined young man dares to challenge the traditions fueling an endless cycle of violence.",2026-07-10,6.2,0,0,,South,1408170
Bāhubali: The Epic,Action Drama,affectation flashback revenge alternate history historical fiction fratricide ancient india regicide multi generational absurd hindu shiva multiple timelines remastered epic film director's cut,https://image.tmdb.org/t/p/w300/z9YIo2qscyaXYgRqIdRJtND3bw8.jpg,"When a mysterious child is found by a tribal couple near a roaring waterfall, they raise him as their own. As he grows, Sivudu is drawn to the world beyond the cliffs, where he discovers the ancient kingdom of Mahishmati, ruled by a cruel tyrant, haunted by rebellion, and bound to his past. What begins as a quest for love soon unravels a legacy of betrayal, sacrifice, and a forgotten prince.",2025-10-29,6.442,65000000,3500000,📉 Flop,South,1511417
Kalki 2898-AD,Drama Action Fantasy Science Fiction,rebellion hero temple dystopia villain desert religious statue futuristic society quest imperialism ancient temple indian folklore evil empire fantasy indian gods mahabharat,https://image.tmdb.org/t/p/w300/rstcAnBeCkxNQjNp3YXrF6IP1tW.jpg,"In the year 2898 AD, around 6000 years after Kurukshetra war, Ashwatthama gears up for his final battle of redemption at the sign of hope in a dystopian world and Bhairava, a wisecracking and self-interested bounty hunter, tired of the perilous life becomes the hurdle in the process.",2024-06-26,6.447,75000000,141000000,➖ Average,South,801688
Aadarsha Kutumbam,Drama Family Comedy,,https://image.tmdb.org/t/p/w300/4xyzmQj2SrocgWVlV1aCxeyCDsz.jpg,,2026-10-09,0.0,0,0,,South,1496785
Laila,Comedy Romance,,https://image.tmdb.org/t/p/w300/aFogllaRGlAhk1nqvVGFpZpl4qU.jpg,"Sonu Model, a renowned beautician from the old city, is forced to disguise himself as Laila, leading to a series of comedic, romantic, and action-packed events. Chaos ensues in this hilarious laugh riot",2025-02-14,5.2,0,0,,South,1403735
Maa Inti Bangaram,Action Thriller Drama,amused awestruck,https://image.tmdb.org/t/p/w300/iSRIxnizjINdc7Dy68HQRkcPSR2.jpg,"Through both her moments of fear and bravery, a woman discovers that embracing her vulnerabilities is as vital to her inner strength as facing challenges head-on.",2026-06-18,6.861,2363450,10504000,🔥 Superhit,South,1227241
King 100,Action Drama,,https://image.tmdb.org/t/p/w300/nJzJ3ZYg4LzMn3wSO3zHttIGfQN.jpg,,2026-12-24,0.0,0,0,,South,1511403
Political Rowdy,Action,,https://image.tmdb.org/t/p/w300/u9j4T0md1XlPFaUTDChPo0DG1Nk.jpg,"Vithal is a ruthless rowdy who hates woman but ends up falling for Kaveri. However, things take an ugly turn when her lover makes an entry.",2005-09-29,2.0,0,0,,South,596092
Gatta Kusthi 2,Comedy Drama,sequel domestic life professional wrestling gender role reversal,https://image.tmdb.org/t/p/w300/5U8MWIk9XZ60NALyOTpyX7vXIR7.jpg,"Picks up after the first film, with Veera and Keerthi balancing parenthood and Keerthi's wrestling career, featuring a role reversal where Veera takes on more domestic responsibilities.",2026-07-03,4.9,0,0,,South,1509599
Tamil Rockers,Comedy Thriller,,https://image.tmdb.org/t/p/w300/hOoMQIANxXhRUPkrtSYHYuZaFSm.jpg,4 Major characters running for the Money facing more challenges by forgetting the fact that it's not the decision of money to reach human.,2021-12-31,4.2,0,0,,South,921711
The Dark Heaven,Crime Thriller,,https://image.tmdb.org/t/p/w300/xFr0Q7j2JmOwBJnvImIgTAWBk4U.jpg,"In the Hill Village of Mekkarai, Where It is Customary for Men to Die Every Seven Years During the Month of June, a Newly Appointed Police Inspector Arrives to Investigate a Series of Mysterious Murders. As He Digs Deeper Into the Village's Dark Secrets and Long-standing Beliefs, He Finds Himself Trapped in a Web of Crime, Fear, and Hidden Truths.",2026-09-18,0.0,0,0,,South,1618200
Jana Nayagan,Action Drama,politics democracy political leader inspirational informative creative adaptation,https://image.tmdb.org/t/p/w300/jt8pfSIdi47YpFMMWVRr8w5u2S0.jpg,"A clash of ideologies. One stands for the people, the other feeds on control. Their paths collided once before. Years later, a child’s silent fear ignites the past, drawing a former police officer into a battle far bigger than personal revenge.",2026-07-22,5.3,0,0,,South,1235877
G.D.N,Drama,inventor biopic,https://image.tmdb.org/t/p/w300/aAbvbKbNU6YyYDZ5ntSQcOygliw.jpg,G.D. Naidu overcomes challenges and defies a repressive colonial regime to become one of India's greatest innovators.,2026-08-07,7.0,0,60641,,South,1489543
Power House,Action Thriller Drama,,https://image.tmdb.org/t/p/w300/7hW8NAKFoDj7aJ7qQ9nX2yE6RKC.jpg,,,0.0,0,0,,South,1513640
DC,Romance Action Drama,robbery gangster murder extortion,https://image.tmdb.org/t/p/w300/8k71CD24GIAmEFgHYRhqFvwbXH8.jpg,Rebel Devadas  joins forces with Chandra in a dangerous world where passion and peril collide. Their turbulent alliance demands bloodshed and tests loyalties as survival becomes the ultimate stake in their fight.,2026-08-07,7.9,2646327,10585310,🔥 Superhit,South,1479832
Blast,Action Thriller,martial arts karate home invasion intense amused bollywood,https://image.tmdb.org/t/p/w300/lpsUpXieodUhN6DlK9ZDnjkysLk.jpg,A seemingly ordinary family must unleash their hidden martial arts skills when they clash with a ruthless criminal gang tied to corruption and violence.,2026-05-28,7.8,0,798851,,South,1515729
Karuppu,Action Fantasy,crooked lawyer lawyer taunting political corruption hindu god supernatural drama corrupt legal system crime drama,https://image.tmdb.org/t/p/w300/4KZXlZ5tTT6ghbW77gS4hSLkCd7.jpg,"In a world where justice falters, guardian deity Vettai Karuppu takes the guise of a lawyer to battle a corrupt legal system preying on the powerless.",2026-05-14,6.8,16000000,3345079,📉 Flop,South,1367220
Idhayam Murali,Romance Comedy Drama,one-sided love nostalgia coming of age amused cheerful,https://image.tmdb.org/t/p/w300/8gfs5OsGINENFAl0h1XZPNup9lI.jpg,"A young man navigates the complexities of unrequited love, finding that even as years pass and life takes unexpected turns, certain emotions remain deeply embedded in his heart.",2026-07-10,6.8,0,0,,South,1432631
Made in Korea,Drama,"foreigner south korea seoul, south korea",https://image.tmdb.org/t/p/w300/n6gCKjagOFsU4arFngUq2QqR1jv.jpg,A woman from a small town in Tamil Nadu moves to South Korea — a place she always dreamed of — but struggles to find her footing in a foreign land.,2026-03-12,7.25,0,0,,South,1561687
Youth,Comedy Romance Drama,,https://image.tmdb.org/t/p/w300/odMKGyeC2rGuvr3Yy7S8txD0sFx.jpg,"Youth follows Praveen, a 15-year-old boy who enters adolescence determined to find true love before school ends. As he goes through multiple relationships and heartbreaks, he slowly begins to understand what love truly means. Along the way, the experiences shape his growth, maturity, and outlook on life.",2026-03-19,6.9,752800,7528000,🔥 Superhit,South,1542352
Coolie,Action Thriller Crime,criminal underworld hidden past,https://image.tmdb.org/t/p/w300/kr36awqmziEI5mfUElsHB0pj9zP.jpg,"Deva, once living a quiet life, is shaken when his close friend dies under suspicious circumstances. Determined to uncover the truth, he infiltrates a powerful gang operating in the shadows. As he investigates, Deva becomes entangled in a dangerous web of crime, betrayal, and secrets from his own past, forcing him to confront powerful enemies while protecting the ones he loves.",2025-08-13,6.2,43000000,57917990,➖ Average,South,1153399
Jailer 2,Action Comedy,,https://image.tmdb.org/t/p/w300/9tTHcPNt6OgkTVzGu4gwVQDFRWr.jpg,"Following the events of ""Jailer"",  former ruthless police officer Muthuvel Pandian must come face-to-face with an even larger threat.",2026-10-15,0.0,0,0,,South,1234139
Anaagarigam,Drama Romance,b-grade,https://image.tmdb.org/t/p/w300/jIgp8rJNMcISZfXmeIKjn0qf0Nr.jpg,Story of a newly married professor who suffers his whole life for having an affair with his student.,2011-11-26,8.0,0,0,,South,1088615
Kara,Crime Drama Thriller Action,gulf war robin hood heist thief bank heist cotton farmer farmers exploitation money heist helping people farmers,https://image.tmdb.org/t/p/w300/uIrFdMWlJFdc1jPBP9bxeaISCDj.jpg,"A thief tries to go straight, but when predatory banks trap his father in debt, he returns to crime — with a determined cop closing in on his trail.",2026-04-30,5.922,0,0,,South,1433117
Meesaya Murukku 2,Comedy Romance Drama,,https://image.tmdb.org/t/p/w300/qD1QwmInB9ezd2peVb5EbhaM4Mo.jpg,"After facing rejection in love and getting into a fight, Jeeva learns about his father Siva's struggles and sacrifices. Inspired by his grandfather's legacy and father's dedication, Jeeva changes his outlook and works hard toward his musical dream. Through determination and perseverance, Jeeva earns recognition in the music industry and brings pride to his family.",2026-09-25,0.0,0,0,,South,1538457
Pyaar Prema Kalyanam,Romance Comedy Drama,marriage dramedy feelgood heartfelt romantic social issue drama family relationship,https://image.tmdb.org/t/p/w300/AjaNAeMXOrK9n0YqGqX0Lz5qxYu.jpg,"When a bride refuses to leave her family home after marriage, her husband must find out if he can adjust to life under his in-laws' roof.",2026-08-21,6.857,0,0,,South,1538273
Villagelo Vinayakudu,Comedy Romance,,https://image.tmdb.org/t/p/w300/nw69vMrGUsrLPF7EcSOfImMAUYR.jpg,"Villagelo Vinayakudu (English: Vinayakudu (Ganesh) in the Village) is a 2009 Telugu comedy film produced by Mahi, written, and directed by Sai Kiran Adivi. The film is a sequel to the 2008 hit, Vinayakudu. Krishnudu reprises his role as Karthik in this film, whilst Saranya Mohan plays the female lead, and Rao Ramesh plays the role of her father. Telugu novel writer Yandamuri Veerendranath makes his acting debut in a small but vital role. The film was released on 5 November 2009 and received positive reviews.[citation needed] It faired well at the box office and ran for 75 days.",2009-11-05,6.7,0,0,,South,281936
Nagabandham: The Secret Treasure,Drama Fantasy Action,,https://image.tmdb.org/t/p/w300/fsiQ0twZbmbLo0F2CDUt44riRxL.jpg,"A chosen warrior protects a mystical, serpent-bound Himalayan temple from those seeking to steal the power of the Brahma Kamalam, a divine relic.",2026-07-02,4.5,0,0,,South,1442396
3G Love,Drama Romance,romance love,,"Set in the backdrop of a graduation college, the film seeks to mirror how love has evolved in the age of 3G connectivity. It is all about teenage love, infatuations, heartbreaks, betrayals and other such tribulations amidst ten couples in love.",2013-03-15,7.0,0,0,,South,868832
Pushpa 2 - The Rule,Action Drama Thriller Crime,sequel ego clash,https://image.tmdb.org/t/p/w300/1T21FblunT0y8fz7YaW8JMYgUKm.jpg,"As his smuggling empire grows, a brazen Pushpa longs for power and respect on his vengeful journey, while facing old rivals and new.",2024-12-04,6.2,52900000,219000000,🔥 Superhit,South,857598
Dacoit,Action Romance Thriller,betrayal false imprisonment,https://image.tmdb.org/t/p/w300/lbrnJY7E0a9xxgj2cotNp6YI4dz.jpg,"Betrayed by his better half, a man is convicted for a crime he didn't commit. Once free, he hunts her down in pursuit of vengeance, as their stories intertwine with a series of robberies.",2026-04-10,6.625,0,0,,South,1220522
Vanaveera,Action Drama,,https://image.tmdb.org/t/p/w300/oBYExKI8E3bTzQjPkofhpV2EJon.jpg,A descendant of the Vanara clan is pushed into conflict when a modern-day Ravana seizes his only bike for an election rally. What starts as a petty injustice soon erupts into a fierce fight for self-respect and dignity.,2026-02-13,7.5,0,0,,South,1634301
Funky,Comedy Romance Drama,love comedy,https://image.tmdb.org/t/p/w300/iICU2CBNat7q9tm88SzrUFwR1hA.jpg,A debut director who falls in love with his producer's daughter,2026-02-13,6.7,0,0,,South,1403737
జస్టిస్ చక్రవర్తి,Drama,,https://image.tmdb.org/t/p/w300/mJvYJRTGlgpVN0SXNhX8FxqdF5H.jpg,"a righteous judge whose life is shattered when his criminal son-in-law murders his daughter. Trapped by legal loopholes, the judge acquits the killer before executing him in vigilante revenge, ultimately delivering his own death sentence in an empty courtroom.",1984-09-20,0.0,0,0,,South,1766554
The Rajasaab,Comedy Horror Fantasy Action,haunted house hypnosis musical romcom ancient curse grandfather grandson relationship supernatural horror mysterious disappearance absurd horror romance romantic fantasy ambiguous cliché self hypnosis comedy horror supernatural romance,https://image.tmdb.org/t/p/w300/nvK6gYa4diCnQkDVN42uoYXPrdT.jpg,"Seeking his lost grandfather, a young man enters a haunted mansion and awakens a family curse powerful enough to upend both his life and reality.",2026-01-08,5.0,50000000,21000000,📉 Flop,South,1022453
Kaaka,Action Drama,,https://image.tmdb.org/t/p/w300/mqwifEnbEAAD134Noz6Eq0q1Rlx.jpg,,2027-01-13,0.0,0,0,,South,1533741
Gamblers,Mystery Thriller,,https://image.tmdb.org/t/p/w300/gFNwJcIqA2jVQ8ZCB7Jk2Q1cVx7.jpg,"Players gather at a hidden casino to compete for a 100 crore prize. As they play, their secret agendas surface, transforming the game into a lethal competition.",2025-06-06,0.0,0,0,,South,1529633
Paradha,Drama,,https://image.tmdb.org/t/p/w300/wOOxDIhZCUmWkEPxBajQwmKVm8l.jpg,"A veiled village woman's life changes when city visitors challenge her traditions. As she questions customs and investigates a curse, rumors of Sati emerge, leading her to confront societal norms.",2025-08-22,5.7,0,0,,South,1280611
Dragon,Action Crime Drama,gang war gang leader drug cartel drugs drug ring crime syndicate drug syndicate syndicate drug company opium wars british oppression drug cartel war,https://image.tmdb.org/t/p/w300/qKQEdXj8OFqMjj000RmlU7qQHWR.jpg,Set in 1967 around International Opium Trade by Afghan Trading Company and Golden Trading Company,2027-06-10,0.0,0,0,,South,645708
Antha Ramuloru Chusukuntaru,Romance Drama,,https://image.tmdb.org/t/p/w300/8wOqcJfAAzpWeW9wPUD6XOCrMul.jpg,,,0.0,0,0,,South,1580533
Nawab Cafe,Drama,,https://image.tmdb.org/t/p/w300/mZ3By7MbNzMx2ANQ9MdYnwMYlQ3.jpg,A family grapples with communication barriers as a father and son circle around conversations they desperately need but cannot bring themselves to have.,2026-03-12,7.0,0,0,,South,1533735
Transfer Trimurthulu,Action Thriller,,https://image.tmdb.org/t/p/w300/nhDstdasoKGY03BopSWHJlxQq27.jpg,"Fearless cop Trimurthulu's chance find drags him into a web of conspiracy. Standing alone against influential enemies who will stop at nothing, he risks everything to expose the truth and deliver justice.",2026-06-19,0.0,0,0,,South,1528499
Biker,Adventure Drama Family,bike racing bikers motor racing,https://image.tmdb.org/t/p/w300/cKuFTk3qqrASg2nopJwDdeAroeF.jpg,"A seasoned motocross rider returns to the grueling sport he once abandoned, confronting fierce competition and a father who might push him to the brink.",2026-04-03,6.2,0,0,,South,1423251
Salaar: Part 1 - Ceasefire,Action Crime Drama,,https://image.tmdb.org/t/p/w300/nlu9WbcetNFRGXXPWITr30ob7W6.jpg,"Set in the fictional dystopian city-state of Khansaar, the film follows the friendship between Deva, a tribesman, and Varadha, the prince of Khansaar. When a coup d'état is planned by his father's ministers and his relatives, Varadha enlists Deva's help to become Khansaar's undisputed ruler.",2023-12-21,6.8,34000000,87229100,✅ Hit,South,770906
Alias Rukmini,,,,,2027-07-15,0.0,0,0,,South,1713050
Plan B,Thriller Crime,,https://image.tmdb.org/t/p/w300/guFjx5sN6QNeo5qGNP0d4IIMpnY.jpg,"The story begins with the demise of a lawyer named Vishwanath and travels through multiple twists, suspense and turns without leaving a single clue for the police to find.",2021-09-17,6.0,0,0,,South,743599
Ram and Leela,Romance Comedy,,https://image.tmdb.org/t/p/w300/j1X0t57PguWBcaa8LAOaAHGyjcK.jpg,"A repeatedly unlucky man finally finds the woman of his dreams, only for an unexpected twist to challenge his understanding of love and commitment.",2026-08-21,5.0,0,0,,South,1590380
Vilaiyaattu Pasange,Comedy Drama,,https://image.tmdb.org/t/p/w300/nL17NrU0GJeckg4qH1tVV7qSxLM.jpg,"The simplicity of chaotic life struggles, the beautiful relationship between a man and his son, a man and the apple of his eye, and a funny yet comical bonding among three loyal friends who have each other for love, support and brotherhood.",2011-10-13,9.0,0,0,,South,536464
Sevappi,Drama,,https://image.tmdb.org/t/p/w300/kDdiOgmMXmnjH8zwisJTpAzK6ho.jpg,"A five year kid who lives in a remote village in Tamilnadu imagines that, he has given birth to a Chicken. His love towards the chicken is limitless. All limitless emotions and scenarios involving them have faced a rough road, likewise the impeccable love of this 5 year boy happens to be the root cause of a family dispute, which later turns out to be a caste issue and then finally an issue on which the entire village fights upon.",2024-01-12,2.0,0,0,,South,1225458
Dorothy,Action Adventure Drama Romance,,https://image.tmdb.org/t/p/w300/fJolSn02M7xBOWp3mzDF8pjZfld.jpg,"Set in a world shaped by caste, violence, and toxic masculinity, two childhood friends grow up inseparable in rural Tamil Nadu. Their lives are transformed by the arrival of Dorothy, a woman whose compassion quietly challenges the world around them.",2026-09-25,0.0,0,0,,South,1578079
Kutty,Romance,,https://image.tmdb.org/t/p/w300/ascpakL0ikVKL0up37KWMAZ8z0T.jpg,"Kutty, a kind young man, falls in love with Geeta, but she does not reciprocate his love. He continues to love her even after learning that she is in love with Arjun, her college-mate.",2010-01-14,5.4,0,0,,South,69512
Mandaadi,Action Drama,sea boat race action sea action,https://image.tmdb.org/t/p/w300/cDFW9BI1PSqrBWu8W0ZoeUQivEM.jpg,"A fishing captain applies his maritime knowledge in a traditional boat race along Tamil Nadu's coast during a festival, leading a six-person team against other crews.",2026-09-10,8.0,836000,0,,South,1465943
Double Occupancy,Romance Drama Fantasy,,https://image.tmdb.org/t/p/w300/afwvI8D1SLSMqINJbq0Wi9eCBWt.jpg,"Rajini transforms between woman by day and man by night, hiding this gender swap from partners creating tangled complications.",2026-06-12,6.167,0,0,,South,1565790
Kadal Kuthiraigal,Drama,refugee swimming instructor,https://image.tmdb.org/t/p/w300/e90vRWekRyPyhxFpxm5ROlHGf4.jpg,A school in a remote village gets a swimming coach who turns the fortunes of its students.,2018-08-03,0.0,0,0,,South,541145
18 Vayasu,Romance Action,,https://image.tmdb.org/t/p/w300/mlTpBXxhtHyYD50nLW8YjoXhkxS.jpg,"8 Vayasu is all about a mentally unstable youngster, who falls in love. Be it happiness or anger, he has a unique way of expressing it. Whenever he is depressed, he takes on the behaviour of an animal that he sights first.It released on August 24, 2012 and received negative reviews.",2012-08-24,2.0,0,0,,South,134696
Muthana Muthallavo,Drama,,,"Muthu, a villager, loves Lakshmi but she falls in love with his educated brother, Kannan. Kannan is forced to eke out a living in the big city after he loses money gambling, but is soon estranged from Lakshmi by her plotting sister Leela. Does Lakshmi unite with Kannan?",1976-08-02,10.0,0,0,,South,1668157
Visaranai,Thriller Crime Drama,foreign worker police corruption police interrogation innocent person killed discrimination,https://image.tmdb.org/t/p/w300/c1C0x8HDShlhaprftf8vDFqYkNo.jpg,"Pandi and his friends, immigrant workers in Andhra Pradesh, are picked up by cops for a crime they never committed. And thus begins their nightmare, where they become pawns in a vicious game where the voiceless are strangled by those with power.",2016-02-04,8.0,325000,1600000,🔥 Superhit,South,372226
29,Romance Comedy Drama,thoughtful introspective comforting,https://image.tmdb.org/t/p/w300/aQZ4OxzaYTN7cRN7fALi9BhPucp.jpg,"A quirky 29-year-old named Sathya embarks on an unexpected journey of laughter, unlikely friendships, and self-discovery. Through hilarious misadventures and chance encounters, he slowly sees life's bigger picture - its surprises, joys, and second chances.",2026-05-08,6.9,0,0,,South,1510769
Once More,Music Romance Comedy,,https://image.tmdb.org/t/p/w300/ljk9oaU1AtLYZWULmNLtJdtAKzX.jpg,"Raghu, a man caught up with a deep hold of grief comes across Anjali, who is spinning everything in her capacity to win him over. The love you gave away always comes back they say. In one way or other. Sometimes from a different human. This is a story of love coming back into the life of someone who doesn’t want to take it. A tale of second chances.. happy healing and bitter sweet closures.",2026-08-28,0.0,0,0,,South,1318304
Leo,Action Crime Thriller,leo vijay beast exhilarated lcu thalapathy vijay vijay leo lokesh cinematic universe (lcu),https://image.tmdb.org/t/p/w300/2XUHC4lp3tDsgfFLFygNZ2x2Um9.jpg,"Parthiban, a cafe owner, lives with his family in Himachal Pradesh. Things take an absurd turn for him when he gets in the way of a drug cartel.",2023-10-18,6.9,42219285,71772785,➖ Average,South,1075794
Maharaja,Action Thriller Mystery,grim non linear drama action crime exhilarated 因果报应,https://image.tmdb.org/t/p/w300/s0m4TM1XRAftQStgKpw024RvkJo.jpg,"A barber seeks vengeance after his home is burglarized, cryptically telling police his ""Lakshmi"" has been taken, leaving them uncertain if it's a person or object, jeer at his request until they learn what they're really looking for.",2024-06-14,7.732,0,10758542,,South,1118224
TN 2026,Comedy Drama,,https://image.tmdb.org/t/p/w300/mAX1ujOROXtKsOuIg5MbJbotOyD.jpg,"Set in Pollachi, the story follows a powerful landlord, Sivalingam Mandradiyar, who becomes obsessed with a rising actor, Kukanth Kumar, believing he is the next M.G.R. He pours his wealth into shaping the actor's career and political future. But as ambition and fame grow, so does the risk of downfall. Will it lead to power or ruin?",2026-04-10,0.0,0,0,,South,1556783
Kaattu Puli,Thriller,,https://image.tmdb.org/t/p/w300/zp0KvigiZXvS9NYlKWQQVyJ4Dd6.jpg,Sanjay's family goes on a picnic into a forest. They lose their way in the jungle and encounter a gang involved in stealing organs. Sanjay fights against the gang to save his family.,2012-02-16,3.5,0,0,,South,262587
Under 18,Drama Family Crime,,,,,0.0,0,0,,South,1703557
Parimala and Co,Crime Comedy Mystery Thriller,,https://image.tmdb.org/t/p/w300/vN2TOTKin83av7hwYnwAKSd3EG8.jpg,"A dark comedy centered around a chaotic family whose tangled relationships and unpredictable situations lead to emotionally charged and absurd moments, blending humor with underlying tension and drama.",2026-06-05,5.615,0,0,,South,1602337
Maakaali,,,,,,0.0,0,0,,South,1760632
Family Pack,Comedy Drama,,,,2027-01-11,0.0,0,0,,South,1555799
Hari Hara Veera Mallu: Part 1 – Sword vs Spirit,Action Adventure Drama,"delhi, india outlaw historical fiction hyderabad based on myths, legends or folklore mughal empire historical drama 17th century period film historical epic",https://image.tmdb.org/t/p/w300/mKM3yC7kepjfs8A723dqd9hOky8.jpg,"Set in the 1650s Mughal Era, Veera Mallu, a Robin Hood-like outlaw with secret motives is hired to steal the Koh-i-Noor from Aurangzeb’s palace. He is joined by a crew of misfits, each talented in their own way, to complete the mission.",2025-07-23,6.125,30000000,0,,South,727121
Fauzi,War History Drama Romance Action,,https://image.tmdb.org/t/p/w300/9n1NbvkSsR3IyJS82hBdu1FhwAj.jpg,,,0.0,0,0,,South,1257973
#Cult,Horror Action Thriller,revenge slasher drugs slasher thriller,https://image.tmdb.org/t/p/w300/8jPyjKZE2Bnm3esvDmWZyGA8mkr.jpg,"A group of young boys head to a party expecting a night of fun, but soon discover the reality is far darker than they imagined. What starts as excitement spirals into terror, pushing them into a brutal fight for survival.",2026-10-30,0.0,0,0,,South,1637705
AA24,,,,,,0.0,0,0,,South,1077343
Pushpa: The Rise,Action Drama Thriller,rags to riches smugglers sandalwood egotistical authoritarian,https://image.tmdb.org/t/p/w300/cLCPRzTFBM9azgD46m2MxYSx5wX.jpg,"As Pushpa, a labourer, rises in the world of red sandalwood smuggling, he ends up making many enemies. However, violence ensues when the police try to topple his illegal business.",2021-12-16,6.8,17200000,45800000,✅ Hit,South,690957
Agadha,Drama Fantasy Mystery Thriller,,https://image.tmdb.org/t/p/w300/jc8tGN6w8Gc6yGkELxfUZAYQqYz.jpg,"A solitary girl encounters a towering twelve-handed mystical idol in a torch lit shadowy cave, creating an atmosphere of spirituality and dark intrigue.",2026-08-14,0.0,0,0,,South,1747034
Raaka,Fantasy Science Fiction Action,,https://image.tmdb.org/t/p/w300/gURGRcstEWYi3Sb1FEwLMmRWT93.jpg,,,0.0,0,0,,South,1411614
Vishnu Vinyasam,Romance Comedy,,https://image.tmdb.org/t/p/w300/5ACLnlafSgtE8mlylhnWLLHfoZJ.jpg,A superstitious man confronts his deepest convictions when he discovers that the woman he has fallen for has a dark secret.,2026-02-27,6.167,0,0,,South,1441149
Vāranāsi,Adventure Action Fantasy,hero excavation mythology time travel kenya antarctica underwater tentacle archaeologist adventurer ramayana epic battle globetrotting action hero father son relationship bold masai mara antarctic exploration globe trotter,https://image.tmdb.org/t/p/w300/9XHgX5XEQt95nwZIlp2yiMaw65D.jpg,"Follows Rudhra's perilous adventures as ancient Varanasi stands on the brink of catastrophe from a looming asteroid in 2027 CE, unfolding across multiple timelines and distant continents.",2027-04-07,0.0,150000000,0,,South,920708
Godari Gattupaina,Comedy Romance Family,,https://image.tmdb.org/t/p/w300/ijhuSRwHwocOfGEV9hiAnQCOdmw.jpg,"In the picturesque Godavari villages, a kind-hearted auto driver and a spirited college girl fall in love, but their bond is tested by her father's expectations and unforeseen challenges.",2026-05-08,5.6,0,0,,South,1610840
AA23,Action Thriller,,https://image.tmdb.org/t/p/w300/8KpoR6l6JfdtYct65GXzo4klifn.jpg,,,0.0,0,0,,South,1573190
Harudu,Action Drama,,https://image.tmdb.org/t/p/w300/2C9VFBSIGDcATC96MxHo2P60esl.jpg,"A thrilling and intense story. A righteous protagonist (DCP Shankar), a cruel antagonist (Varadharaj), a group of unsuspecting thieves who get entangled in a murder case, and the complex web of corruption, revenge, and justice.",2026-05-15,0.0,0,0,,South,1757305
Panileni Puliraju,Comedy,,,Panileni Puliraju is a complete comedy entertainer movie which is featuring Jabardasth fame Dhanadhan Dhanraj in the main lead role.,2015-06-24,0.0,0,0,,South,413546
12A Railway Colony,Horror Thriller,,https://image.tmdb.org/t/p/w300/wrFVQ5dNoyAIvgJHK8cflDnL6it.jpg,"When easygoing Karthik falls head over heels for his charming neighbour, he thinks love is simple. But the closer he gets, the more tangled his world becomes, full of hidden truths, shocking lies, and unexpected twists",2025-11-21,5.0,0,0,,South,1450340
Mahendragiri Varahi,Fantasy Thriller Mystery,,https://image.tmdb.org/t/p/w300/hYfu1SIE1wViNVPT0zdlqTwpPeb.jpg,"Siddharth, an atheist and skeptic, is drawn into a mysterious journey surrounding the ancient Varahi temple at Mahendragiri. As he uncovers secrets connected to the sacred site, he is forced to confront forces beyond his understanding, challenging his beliefs and changing his perception of faith, destiny, and the supernatural.",2026-09-11,0.0,0,0,,South,1049064
Madhura Wines,Drama Romance,,https://image.tmdb.org/t/p/w300/4lRq6sYy80c9wBF4jeY60Q5WzdH.jpg,"Ajay is an alcoholic, struggling to get over the break-up with his girlfriend in college, Madhura. He then meets Kiseema, who falls for him after knowing his past. Meanwhile  Anand, who owns Madhura Wines too is devastated that Ajay is ruining his life with his drinking problem. What happens to the brewing relationship between Ajay and Anjali now?",2021-10-22,3.0,0,0,,South,726036
RX 100,Drama Action Romance,,https://image.tmdb.org/t/p/w300/rGkTmRYQhdzBhpFjPi0lxchHgcn.jpg,"When a city-bred girl comes home to her village, she falls for the macho village boy and asks him out. As a passionate romance brews, the guy falls madly in love with her, but does she feel the same way? Or is it just a passionate summer fling?",2018-07-12,5.625,0,0,,South,535369
Dada,Action Drama,,https://image.tmdb.org/t/p/w300/xoKbiIaxJNg2VTJWkJBj2vYYgvH.jpg,,2026-12-24,0.0,0,0,,South,1494621
Sampradayaini Suppini Suddapusaani,Comedy Drama,,https://image.tmdb.org/t/p/w300/5NaXPthSsxJHo5Br0IIiLYz0z3w.jpg,"After the accidental murder of a police sergeant, a man and his family are forced to cover up their tracks to avoid suspicion.",2026-02-12,5.75,0,0,,South,1335092
Love And Love Only,Romance Drama,,,Upcoming Romantic Drama starring Harish Kalyan. Directed by Andhagaaram fame V. Vignarajan,,0.0,0,0,,South,1500822
Vikram,Action Crime Thriller,entertainer shootout investigator action hero action thriller crime organization lokesh cinematic universe (lcu),https://image.tmdb.org/t/p/w300/774UV1aCURb4s4JfEFg3IEMu5Zj.jpg,"Amar is assigned to investigate a case of serial killings. When Amar investigates the case, he realizes it is not what it seems to be and following down this path will lead to nothing but war between everyone involved.",2022-06-02,7.632,15354648,54172014,✅ Hit,South,743563
Raagu Kethu,Drama,raagu kethu,https://image.tmdb.org/t/p/w300/v8HLEY2dfQrzZztID0PHh0eLFX0.jpg,"Raagu Kethu is a 2025 Indian Tamil-language film written and directed by Durai Balasundaram. The film stars P. Samuthirakani, Archana Kanthan, and Sandhya Sree in the lead roles. It is produced by Santhi Balasundaram under the banner of Thamizharasan Theaters.",2025-08-08,0.0,556609,0,,South,1603780
Amaran,Action Drama Adventure War,based on novel or book affectation based on true story martyr indian army counterterrorism loving 2010s indian history admiring hopeful based on real person ashoka chakra indian military,https://image.tmdb.org/t/p/w300/eCB06m1KUGilEOlIzb40nkQhVY0.jpg,"A heroic true story of Major Mukund Varadarajan, an Indian Army officer who displayed extraordinary bravery during a counterterrorism mission in Kashmir’s Shopian district. The film captures his courage in protecting his nation and the devotion of his wife Indhu Rebecaa Varghese.",2024-10-31,7.402,14700000,39200000,✅ Hit,South,927342
Shanthi Appuram Nithya,Drama Romance,b-grade,https://image.tmdb.org/t/p/w300/okr8zGwzIuEKmCxWtyNXiirZrho.jpg,An erotic movie that depicts how innocent women fall for bad boys and how those men treat them without any courtesy.,2011-06-10,4.0,0,0,,South,1088602
Gandhi Talks,Comedy,dark comedy silent film get rich quick scheme,https://image.tmdb.org/t/p/w300/p4iQT3s97T3gQOLhTj0UplzYMOj.jpg,"A silent black comedy, about the monetary needs of a character & how it impacts the others. A young, unemployed graduate Mahadev’s struggle to land a job through any means possible and crosses paths with a businessman and petty thief. A subject wherein silence speaks much louder than words. Although a work of fiction by the writer, all the characters in the film are sketched out to seem very real and relatable ensuring an enriching journey as well a laugh riot as the cat and mouse guffaws amongst them unfold. Gandhi Talks aims at telling a story by switching off the device of dialogue, which is not only scary but also interesting and challenging.",2026-01-30,7.333,0,0,,South,786567
Uyire Uyire,Romance,,,A youngster realises that the girl he loves is the sister of the guy who had tormented his own sister in the past.,2016-04-01,2.5,0,0,,South,280156
Sardar 2,Action Thriller,war on drugs sequel,https://image.tmdb.org/t/p/w300/muGsRtsNrG1gnlF2fPYrBa4TGlr.jpg,"When the mysterious Black Dagger threatens national security, Inspector Vijay embarks on his most dangerous mission yet. As the battle unfolds, the extraordinary origin of legendary spy Sardar is finally revealed, uncovering the sacrifices that forged a legend and the secrets that could shape the future.",2026-09-10,4.0,0,0,,South,1317872
Indian 2: Zero Tolerance,Drama Action Thriller,corruption freedom fighter sequel vigilante political corruption,https://image.tmdb.org/t/p/w300/fPoiIfqmVfNYZRVUtfTSyuAj8Tw.jpg,"As corruption becomes rampant in the country, a group of idealistic youngsters attract attention of freedom fighter-turned-vigilante Senapathy through social media, who returns to his homeland to finish what he started.",2024-07-12,3.109,0,0,,South,552398
Thiruvarutchelvar,Fantasy,,https://image.tmdb.org/t/p/w300/49r9uE02aaXDGCMWus9gbOGrlwc.jpg,"When a dancer makes a king realise the insignificance of the worldly pleasures, he decides to devote his life to the Almighty and starts reciting tales and songs of His greatness.",1967-07-28,7.5,0,0,,South,261700
A Yellow Bird,Drama,prison,https://image.tmdb.org/t/p/w300/34wyySgkhoEsbjBBS5RJdL3Pa6S.jpg,"It is an unwelcome homecoming for Siva, a Singaporean-Indian ex-convict, haunted by a tragedy in his past. Released after eight years behind bars and dejected by his mother’s coldness, he leaves home in search of his ex-wife and daughter. His old friend denies any knowledge of their whereabouts and instead leads him back into crime. Finding him sheltering in ‘void decks’ (the open public access corridors found beneath government-built residential housing in Singapore), the police force him to meet with a social worker; a woman also dealing with her own fears.",2016-05-18,5.5,0,0,,South,396865
Enthiran,Action Science Fiction Adventure,android artificial intelligence (a.i.) love triangle killer robot robot scientist dual role humanoid robot human android relationship 2030s,https://image.tmdb.org/t/p/w300/hai6CSCLxULO1RThjDP3lWAqOtQ.jpg,"Dr. Vaseegaran creates Chitti, a powerful robot in his own image, but it is rejected by the scientific body AIRD due to its lack of human behaviour and emotions. After a lightning strike triggers emotions in Chitti, he begins to develop human-like feelings. However, Chitti falls in love with Dr. Vaseegaran's fiancée, Sana, and turns against his creator, leading to dangerous consequences.",2010-10-01,6.586,26400000,62000000,✅ Hit,South,148284
Ponniyin Selvan: Part I,Action Adventure History,based on novel or book heir to the throne historical fiction journey history of india 10th century indian empire,https://image.tmdb.org/t/p/w300/zSNyZUeqDdii0doQ9970E90kCkb.jpg,"The Chola kingdom is under threat from forces both internal and external, and with crown prince Aaditha Karikalan, his younger brother Arunmozhi Varman and the emperor, Sundara Cholar separated by situations, it is up to a messenger to ensure the safety of the kingdom. Can he succeed in his mission, especially with Karikalan's former girlfriend, Nandhini, plotting to bring down the entire Chola empire?",2022-09-30,7.138,29500000,59000000,✅ Hit,South,660046
School Bus,Action Drama,,,,,0.0,0,0,,South,1702400
Stephen,Thriller Mystery,,https://image.tmdb.org/t/p/w300/yUURUJzeSTc47T2VeNw7nZwZ8VJ.jpg,"A psychiatrist evaluating a self-confessed serial killer unravels a twisted web of trauma, deceit, and psychological manipulation—only to question if the killer is truly guilty or just another victim in a larger, darker game.",2025-12-05,6.58,0,0,,South,1561955
Irumbu Thirai,Action Thriller,hacker hacking information leak deepweb darknet,https://image.tmdb.org/t/p/w300/5yDCAvDtgJ9q7Fgs7Jy94nhRbV4.jpg,"Kathiravan, a major in the Indian army with anger management issues, is compelled by circumstances to borrow a loan from a bank with false documents. When the entire money in the account vanishes, Kathiravan tries to track down the scamsters, and it leads him to White Devil, a master hacker.",2018-05-11,6.8,0,0,,South,487593
Happy Raj,Romance Comedy Drama,,https://image.tmdb.org/t/p/w300/8hmB6KNUFFzChYJxngIp063H2YR.jpg,"A city romance meets a rural family invasion. What follows is chaos, comedy, and heartfelt moments. The story unfolds as a joyful entertainer that explores love, cultural clashes, and the importance of family bonds.",2026-03-27,5.667,0,23767,,South,1518247
Velai Kidaichuruchu,,,https://image.tmdb.org/t/p/w300/jjlRhC0XoUIYrI2ElcsYM9ItWvX.jpg,"Baasha, a local thug controls the whole village by his atrocities. Pazhanisamy, who relocates to the village, earns Baasha's enmity when he tries to end his reign.",1990-08-15,9.0,0,0,,South,704349
Athisaya Thirudan,Drama,,,"The story about a Crafty Thief,  wicked Minister Neelakalakantam out to rob the state's finances and is also after many women one of them Gowri, who is in love with thief character, takes him to a Saint to give up his thieving ways. The Plans works. However, in order to expose the Minister, he is forced to break his promise. While trying to open the palace's jewel safe contains four rare diamonds, he meets an Old - One eye beggar who is actually the king in disguise. The Villain finally get exposed, with the lovers uniting with the blessing of the King",1958-12-12,10.0,0,0,,South,262342
Lucky Baskhar,Thriller Crime Drama,money laundering anti hero bank employee investment,https://image.tmdb.org/t/p/w300/a47JQFl9L7VDa79tEvnTOJe0rPa.jpg,A middle-class bank clerk who longs to trade stability for adventure gets more than he bargained for when he unexpectedly becomes a wealthy man.,2024-10-30,7.704,0,0,,South,1239511
Divya Drushti,Thriller,,https://image.tmdb.org/t/p/w300/nqqJfUi2KgrHTyzRO2rEMZZ8nvu.jpg,"When tragedy strikes twice, Bhavya refuses to remain a victim. Visually impaired, she is drawn into a perilous hunt for the truth behind the mysterious deaths of her husband & twin sister - uncovering a dark world where nothing is as it seems.",2025-12-19,0.0,0,0,,South,1600694
Korean Kanakaraju,Comedy Horror Action,,https://image.tmdb.org/t/p/w300/vUEb8v8W5ANRXhydogbmjXfRfni.jpg,"Possessed by a Korean spirit, Kanakaraju must navigate his new supernatural identity to protect his family and solve the spirit's murder.",2026-08-06,7.0,0,0,,South,1423253
Rao Bahadur,Fantasy Drama Thriller,1970s dark comedy terminal illness psychological thriller aristocracy psychological drama magical realism fantasy thriller,https://image.tmdb.org/t/p/w300/9hzKAJImKEHBz0vnF5EazPMA8D4.jpg,"Plagued by guilt and fear, an eccentric aristocrat retreats into his ancestral manor, creating an alternate world that deeply blurs reality and imagination.",2026-07-02,7.167,0,0,,South,1443961
Tenali Ramakrishna BA.BL,Comedy Drama,,https://image.tmdb.org/t/p/w300/jaVmC7Hb0cv8sNNTb8hKfbQ0JsV.jpg,Tenali Ramakrishna is a small-time lawyer who makes his living via compromises between warring parties. He is looking for a big case that could turn his life.,2019-11-15,4.25,0,0,,South,622478
Mrithyunjay,Thriller Crime Action,,https://image.tmdb.org/t/p/w300/hfceUWTxi9QFErGRz5KrrRkwP8A.jpg,"An intense murder investigation unfolds when a man refuses to accept a death casually deemed natural by the police. As he digs deeper, what begins as doubt turns into a relentless pursuit of truth, uncovering layers of deception and danger",2026-03-06,5.7,0,0,,South,1428294
Thalambralu,Drama,,,"This is a ritual of happiness turned into a tragedy, this is a ritual of lies and deceit for our young protagonist, will she sink down or rise up from this situation?",1987-10-17,0.0,0,0,,South,1007494
Akhanda 2: Thaandavam,Action Drama,,https://image.tmdb.org/t/p/w300/jo9efbQSGDZNQ6xMocyD1prFjdF.jpg,"When all hope died, Akhanda arrived. He saved his family, protected his people, killed the wrongdoers, and retreated into isolation. But years later, new threats emerge putting the world in danger. And as the world burns, Akhanda returns.",2025-12-12,6.1,0,0,,South,1372588
S. Saraswathi,Crime Drama,,https://image.tmdb.org/t/p/w300/8oAkC78vGiAbofyqjwbCTOzh5Z5.jpg,"A devoted mother whose life is shattered when her 12-year-old daughter goes missing. Desperate for answers, she turns to the police for help, but as the investigation unfolds, unexpected twists begin to deepen the mystery.",2026-03-06,0.0,0,0,,South,1552958
Euphoria,Drama,rape teen drama,https://image.tmdb.org/t/p/w300/8URM569W1ETAeGd33CPkrc6KF1O.jpg,A young woman and her family seek justice after she is raped by a group of young men who come from powerful and influential backgrounds.,2026-02-06,3.8,0,0,,South,1438392
Subhapradam,Family Drama,,https://image.tmdb.org/t/p/w300/3mAeo2CoTIOcQmcIqs6O94PE5E7.jpg,"Shubhapradham (Telugu: శుభప్రదం) is a film directed by veteran director K. Vishwanath, starring Allari Naresh and Manjari Phadnis.",2010-07-16,3.0,0,0,,South,82785
Kalki 2898-AD: Part 2,Action Fantasy Science Fiction,reincarnation sequel lord krishna science fantasy kalki cinematic universe,https://image.tmdb.org/t/p/w300/jFkZXnKCYJYFtx2D5dcspjgoZdD.jpg,,,0.0,0,0,,South,1310969
Ramba Oorvasi Menaka,Comedy Drama,,https://image.tmdb.org/t/p/w300/2cYbNSUx4HAlc6MMbB9ouST2X7e.jpg,"A man spends 15 years attempting to use a magical book to summon the celestial angels Ramba, Urvasi, and Menaka to earth, but Lord Indra blocks their descent until they finally arrive.",2026-09-04,0.0,0,0,,South,1560208
Chinnodu Peddodu,Comedy,chinnodu peddhodu,https://image.tmdb.org/t/p/w300/uz5ugfLTDgWHhT8Del4da1yuVpm.jpg,"Chinnodu and Peddodu, two brothers working at a spinning mill, fall in love with Kavitha. However, they face a problematic situation when Kavitha's marriage is fixed with the spinning mill's owner.",1988-03-26,0.0,0,0,,South,1754299
Badradri Ramudu,Action Drama,,https://image.tmdb.org/t/p/w300/l33CssX20k2TeCgmEDXaEI9FXjq.jpg,"Ramudu (Taraka Rathna) is a youngster and also a 'chekka bhajana' performer in Bhadrachalam. When his grandmother forces him to get married, he falls in love with a 'chekka bhajana' learner Seeta (Radhika) and marries her. Immediately after the marriage, Seeta gives a slip to Ramudu and returns to her homeland Germany.The real reason for Seeta's act is due to an advice from her astrologer. He said that her first marriage would not work out. Her marriage is fixed with her bava Ravi and she loves him too. But she does not want any complications in her marital life. Hence she marries Ramudu at Bhadrachalam and ditches him to go back to Germany and marry Ravi so that her second marriage would be fruitful. The rest of the story is all about how Ramudu with his chekkalu and Lord Rama's vermilion (kunkuma) fly to Germany to fight his aunt Jagadamba (Vani Sri) and bring back her daughter and his wife Seeta.",2004-05-25,0.0,0,0,,South,833872
Anandamanandamaye,Romance Comedy,,https://image.tmdb.org/t/p/w300/8HdTnvyNEWmT6CsRabewu48uYu.jpg,"While on a train journey, Kiran, an engineer, meets Bhuvana and falls in love with her. Bhuavana's family agrees to their marriage, but mistaken identities lead to the cancellation of the wedding.",2004-02-06,0.0,0,0,,South,1085616
Baahubali: The Eternal War – Part 1,Animation Action Drama,,https://image.tmdb.org/t/p/w300/n1KLxyMDfktpfFxv3X35OiA9IzF.jpg,The murdered Prince Baahubali enters the afterlife and joins an eternal war across 14 realms between Devas and Asuras – personifications of Order and Chaos. His destiny will reshape the cosmos forever.,2027-06-10,0.0,0,0,,South,1570976
Nenu Kidnap Ayyaanu,Comedy Crime,,https://image.tmdb.org/t/p/w300/d6LQmB1C61xBAPe50MrgVaeTl3p.jpg,"A group of aspiring engineers struggling to get their ambitious project approved meet Dubey, an elite software legend who dismisses their project as being mediocre but employs them under bench period policy. Soon, the engineers discover that Dubey has deceived and betrayed them and to seek revenge they kidnap him but not literally.",2017-10-06,0.0,0,0,,South,480471
Shiva Shankar,Action Drama,,https://image.tmdb.org/t/p/w300/nJXuDZqEuUb8TlGGnRKyZup140O.jpg,"Sobhanadri, a criminal leader, adopts an orphan Sivaji and raises him like his godson. Issues erupt when in order to teach his own son a lesson, he decides to grant his riches to Sivaji.",2004-08-25,0.0,0,0,,South,322298
F2: Fun and Frustration,Comedy,,https://image.tmdb.org/t/p/w300/cuIiSZSPr7ioJJM5N0WZqSYLnJF.jpg,"After Venky, Varun also gets married thinking he can keep the wife in control but both of them gets frustrated with the marital life which generates fun.",2019-01-12,5.5,0,0,,South,566914
Untitled Dhanush - Tamizharasan Pachamuthu Movie,Action Drama,priest rural life,,,,0.0,0,0,,South,0
Mr. X,Action Thriller,secret agent covert operation raw raw agent covert operations,https://image.tmdb.org/t/p/w300/7aqx7T9FNu1HPCyb0CBjJtjshoU.jpg,Centers on secret intelligence agency cases involving five major national threats that were thwarted through covert operations.,2026-04-17,5.5,0,0,,South,1126723
Bench Talkies,Action Comedy Drama,anthology,https://image.tmdb.org/t/p/w300/21bq1w3x2MsWkxDgHWDTDS6nlee.jpg,"Bench Talkies is a compilation of six films from six filmmakers. The one recognizable name is, of course, Karthik Subbaraj, while the others are all aspiring directors. The films deal with various subjects and are in different genres and are of varying quality.",2015-03-06,6.0,0,0,,South,329588
Thaai Kizhavi,Comedy Drama,,https://image.tmdb.org/t/p/w300/21dLAnBhu3dMjQ89UIHGEtkoQ02.jpg,"An elderly and feared moneylender from a village near Madurai falls seriously ill, prompting her estranged sons and extended family to reunite after years of separation. As tensions rise inside the household, hidden motives, family conflicts, and expectations over her wealth turn her uncertain condition into the center of a chaotic family drama.",2026-02-27,7.115,979149,0,,South,1602783
Manasukkul Mathappu,Drama,remake,,"A man is shattered and loses his sanity after the woman he loves dies. In the mental asylum, his doctor falls in love with him but her father is against their union.",1988-06-24,7.0,0,0,,South,321812
Sweety Naughty Crazy,Romance Comedy Drama,,https://image.tmdb.org/t/p/w300/8TUdDDC26HQWNS7SdrYHSzyfYgZ.jpg,"Shiva, a charming college student juggling three different relationships. As he tries to keep them secret, love, lust, and chaos collide in a playful mix of adult humor, romance, and comedy.",2026-02-13,5.0,0,0,,South,1629469
Photographer,Fantasy Mystery Thriller,,https://image.tmdb.org/t/p/w300/2viJLcdWykkcagEfHpGZupbZiq4.jpg,"Photographer follows Veera, a troubled and obsessive photographer determined to prove his worth in a world that has long dismissed him. Driven by ambition and haunted by a painful past, he ventures deep into Mathikettan Solai, a mysterious reserve forest, to capture a rare and elusive natural phenomenon that could change his life forever.",2026-08-07,0.0,0,0,,South,1740942
Thittam Irandu,Thriller Mystery Crime,,https://image.tmdb.org/t/p/w300/akakaWnJMKrhAeNEswjggDWjpr.jpg,"Athira, a 25-year-old cop gets to investigate her best friend's missing case. The case turns out to be very mysterious when she suspects that her accident has been staged and that she has been murdered. After digging deep into the case, she gets to know shocking revelations about her and now she has to make some life-changing decisions.",2021-07-30,5.9,0,0,,South,855566
Repeat Shoe,Crime Science Fiction Thriller,,https://image.tmdb.org/t/p/w300/y4drNXVBT9JKUwPKCY1k2Cnymdu.jpg,"A crew involved in child sex trafficking who kidnaps girl children, abusing them and torturing those who does not comply. These girls feeling trapped and having no way out are in desperation. After many experimentation a scientist successfully end up making a Time Travelling Shoe. While testing it he gets arrested by police, so he ends up hiding invention in a safer place.",2022-10-14,0.0,0,0,,South,1035678
Master,Action Thriller Crime,alcoholic teacher,https://image.tmdb.org/t/p/w300/wjbOlovDadOdPKkSAMohLCjbIsc.jpg,"An alcoholic professor is sent to a juvenile school, where he clashes with a gangster, who uses the children of the school for criminal activities.",2021-01-13,6.616,0,0,,South,866288
Thalli Pogathey,Drama Romance Music,,https://image.tmdb.org/t/p/w300/fsJTZ52YCrVCzZ2BEuFq1wJLs4k.jpg,Karthik is a happy go lucky guy until he meets the beautiful Divya. They hit it off right away and Karthik thinks he finally found the girl of his dream until he realizes she is the biggest problem he ever face.,2023-02-09,0.0,0,0,,South,1059409
Kaanchi Thalaivan,History Action Drama,,,,1963-10-26,0.0,0,0,,South,263707
Kaadhal Parisu,Action Romance,,https://image.tmdb.org/t/p/w300/rBBU3Mhzf8fTuKXR5soch5r5dpg.jpg,Sisters Malini and Chitra are heirs to a huge fortune. Chitra is in for a shock when she introduces her boyfriend to Malini and the latter accuses him of raping her years ago.,1987-01-14,6.0,0,0,,South,66370
Goddesses,Documentary,,https://image.tmdb.org/t/p/w300/ePsL0PHMJ0eHFoCBeDvNcleKWJv.jpg,Lakshmi is a professional singer and dancer at funerals. Krishnaveni makes her living by burying and cremating unclaimed dead bodies from the rivers and streets. Sethuraku never went to school and instead took to the sea at an early age.,2007-06-01,7.0,0,0,,South,938674
Aaram Vetrumai,Drama Thriller,,https://image.tmdb.org/t/p/w300/qBy0zgnpP3tKg8NfecxuONPCRdj.jpg,Charting the various struggles faced by a group of tribes who live apart from the modern world.,2017-09-08,0.0,0,0,,South,597250
Bison Kaalamaadan,Drama Action,sports biography kabbadi history indian sports,https://image.tmdb.org/t/p/w300/5IPFJ2XFbYjdIw4912ZufCMolX.jpg,A young man fights to overcome violence plaguing his village and succeed as a professional kabaddi player.,2025-10-17,7.35,0,0,,South,1257957
Ais Kosong,Adventure Comedy,,https://image.tmdb.org/t/p/w300/zOh8PIctOcDvsI6GUOWDRZNt8ri.jpg,"The film is a comedy film that revolves around three strangers who met by chance and went on a road trip to Penang. On their journey north, they unknowingly played havoc and poured cold water on the plans of two crime gangs who are at war with each other.",2016-03-03,0.0,0,0,,South,522571
Love Insurance Kompany,Romance Science Fiction Comedy,artificial intelligence (a.i.) soulmates matchmaking futuristic society 2040s near future dating app tech company mobile app robots,https://image.tmdb.org/t/p/w300/pOWlTPQtU7sBHaNyQtQS4pwLGuf.jpg,"In 2040, an app premised on ensuring romance for all is used widely by the population. When the voice behind the app's AI realizes its misconception to true love, he embarks on a quest to prove that love does not come from a screen.",2026-04-10,4.5,0,0,,South,1209511
Jailer,Action Crime Thriller Comedy Adventure,idol theft retired cop,https://image.tmdb.org/t/p/w300/pTmMxAHqX4vsIDE6HPPxOR0Q6TN.jpg,"Muthuvel Pandian, a retired, stern yet compassionate jailer lives a peaceful life with his family, but trouble knocks his door when his cop son’s tryst with an antique mafia gang goes awry and forces Muthu to step back into a dark world he had voluntarily took a break from.",2023-08-10,6.531,0,72997485,,South,937020
Kurathi Magan,Drama,,https://image.tmdb.org/t/p/w300/3uxGZIbUZLbLg0fS7HW9e6Kf38z.jpg,"Malaikottai ostracises his wife and blames her for not being chaste. After she gets thrown out of the village, she takes her son and decides to give him a good education.",1972-04-29,7.0,0,0,,South,66430
Anveshana,,,https://image.tmdb.org/t/p/w300/4ZvEQUQI4unPfFT20caa3S9rkTA.jpg,"Prabhakar mysteriously dies after walking on a train track. His brother, Vamsy, suspected that his death is not a suicide, but a planned murder. Vamsy falls in love with Bhavana and they subsequently marry as their horoscope matches. They later find letters addressed to Prabhakar telling him to come to the forest or face consequences. The rest of the story is how Vamsy and Bhavana figure out the truth behind Prabhakar's death.",2002-12-27,0.0,0,0,,South,1746583
Mission C1000,Action,,https://image.tmdb.org/t/p/w300/jrwKIZR9P7IWkP5oPe5Xlw1j3vH.jpg,"Hindu Atankwad and the Honey Trap is a film about a character named Ram who tries to stop terrorists from stealing a scientific formula. The movie explores themes of patriotism, cultural identity, and the fight against terrorism",2026-01-23,0.0,0,0,,South,1647932
Kiku Chiranjeevi,Thriller Drama,,https://image.tmdb.org/t/p/w300/uAlTYjwLAX9VCP8mSbKDiKzkqcS.jpg,"A young man named Chiru, born with dextrocardia-a rare condition where his heart is on the right side of his chest faces struggles and challenges as he works to overcome his condition and achieve his goals.",2026-08-28,0.0,0,0,,South,1748499
N.T.R: Kathanayakudu,Drama,autobiography,https://image.tmdb.org/t/p/w300/7v5XNFBt7fKNFNfs5vB300wBVu6.jpg,"Based on the journey of the legendary Telugu actor, filmmaker and ex-Chief Minister Late Taraka Rama Rao Nandamuri.",2019-01-09,5.188,0,0,,South,568522
Charitha Kamakshi,Music Drama Romance,,https://image.tmdb.org/t/p/w300/11t6vnHbE6ZcpqUZoiTZJWikOnJ.jpg,"Charitha is an innocent girl begins her married life with a passionate filmmaker. As she tries to adjust to her new love and world, she slowly discovers that although her husband is kind at heart, he is morally compromised in his profession. His choices eventually land him in police custody. With little knowledge of the outside world, she must step beyond her innocence and confront a stubborn Sub-Inspector to bring him back",2026-03-05,0.0,0,0,,South,1646407
Welcome obama,Drama Family,surrogacy,https://image.tmdb.org/t/p/w300/4NdYYr5GSqQG7kG01uyY50SGP8N.jpg,"Yashoda agrees to be a surrogate mother to Lucy, an American lady. Unfortunately, during her pregnancy, Yashoda meets with an accident which jeopardises the child's life.",2013-09-20,7.0,0,0,,South,930433
Rowdy Janardhana,Action Crime Drama,,https://image.tmdb.org/t/p/w300/cq0cz2Sw0ACgwgTBpg3vHnC6yni.jpg,,2026-12-25,0.0,0,0,,South,1389373
Paataku Praanam,Drama Music,,https://image.tmdb.org/t/p/w300/jq0IdTiuxr172AXfpG5HXKQAo7u.jpg,"A young, talented but directionless musician crosses paths with a composer the world has long forgotten, and together they set out to create and find redemption before time runs out.",,0.0,0,0,,South,1730976
Ranabaali,History Action Drama War,history of india indian history,https://image.tmdb.org/t/p/w300/rMg3BFUKs8IaekSJgMT1IYmypk.jpg,,2026-10-16,0.0,0,0,,South,1389379
Raju Weds Rambai,Drama Romance Comedy,romcom,https://image.tmdb.org/t/p/w300/AlB3dMec5NZiu9xBoNXTCm8BYYi.jpg,"Raju Weds Rambai is inspired by a real story of a carefree band drummer whose love for a compounders daughter triggers a clash of ego and honour, turning their sweet village romance into an emotional journey filled with conflict, pain, and ultimately redemption.",2025-11-21,4.1,0,0,,South,1580640
Cinema Chupista Maava,Comedy Family Romance,,https://image.tmdb.org/t/p/w300/eY72z7kPBSJ79gSvhCJ3UQEoCSs.jpg,"Kaththi (played by Raj Tharun) is a happy-go-lucky boy, who enjoys life with his friends. But, his father always scolds him as he fails Intermediate two times. One day, he falls in love with Parineeti (played by Avika Gor), who is the daughter of Somnath Chaterjee (played by Rao Ramesh).  With his tricks and techniques, Kaththi makes Parineeti to fall in love with him. The twist in the tale rises when Somnath Chaterjee comes to know about their relationship. In order to get marry with his daughter, Somanath keeps a challenge for Kaththi and he promises that he will give his daughter to him, if he passes the test.  What is the challenge given by Somanth Chaterjee? What did Kaththi do for his love? What is the twist in the story forms the rest of the story.",2015-08-14,7.0,0,0,,South,369215
Stri,Drama,,https://image.tmdb.org/t/p/w300/4fRWlq0jgTnziXhOALUnkFABDOL.jpg,"​A village woman devotedly loves an unfaithful man, struggling to keep him while he constantly strays.",1995-04-01,7.333,0,0,,South,334448
Sita Ramam,History Romance Drama,loving love in war pure love intense romantic classic admiring awestruck vibrant pure heart,https://image.tmdb.org/t/p/w300/t1O94ZBzsQXJihtVkrsStRLyUDR.jpg,"Afreen, a rebellious Pakistani student sets ablaze the car of an Indian in London. Angered Afreen returns to Pakistan to ask for money from her grandfather that she has to pay in a month's time as damages. However, she gets to know that he is no more and the only thing he has left for her is a letter-delivering task, written by Ram to Sita. As Afreen sets out to find Ram, there begins her journey of discovering the secret behind the 20-year-old letter.",2022-08-05,7.847,3400000,11800000,✅ Hit,South,894803
HIT: The Third Case,Crime Thriller Action,investigation violent death anxious brutal murder,https://image.tmdb.org/t/p/w300/wT9tGyFol4RBwkjESXUWeBdnLJn.jpg,The Homicide Intervention Team (HIT) sends ruthless police officer Arjun Sarkaar to find a group of killers and stop their grisly murder spree.,2025-04-30,6.7,7700000,14000000,➖ Average,South,1060046
Eega,Fantasy Action Comedy Drama,afterlife reincarnation revenge murder torture bilingual,https://image.tmdb.org/t/p/w300/pX7fn4EZrg2YFlV4GNMIfHDOQZ6.jpg,"A passionate flower decorator, Nani, falls for his neighbor, Bindhu, but their budding romance takes an unexpected turn when he crosses paths with Sudeep, a ruthless and powerful businessman.",2012-07-05,7.1,5990000,19450000,✅ Hit,South,148265
Bangaru Panjaram,,,https://image.tmdb.org/t/p/w300/jCI1JTj8IAzfyHB97tFZO8e79Zh.jpg,"Venu Gopal is an engineer who travels to various places as part of his projects. In his travel he meets a girl Neela. They both fall in love, and get married. But Venu's uncle wants him to marry his daughter. So he makes various plans and creates mis-understanding between Venu and Neela.",1969-03-19,8.0,0,0,,South,301075
Ramani Kalyanam,Drama Romance,,https://image.tmdb.org/t/p/w300/g8KJHtfvavQAzYdv5nvTb87Mjvx.jpg,Follows a visually impaired girl and a boy who cannot walk as their lives intersect through a matchmaking arrangement.,2026-05-22,0.0,0,0,,South,1703675
PSV Garuda Vega,Action Drama,spy thriller,https://image.tmdb.org/t/p/w300/4t73wlCGvaKkBZUjRplSiBsoyH.jpg,"A dedicated NIA officer is torn between love for his family and his duty. On the brink of sacrificing his career for his family, he stumbles upon a plot with international ramifications. Does he stick to his decision to quit or will the call of duty prove too strong for him?",2017-11-03,6.091,0,0,,South,484423
Golden Baby,Drama,,https://image.tmdb.org/t/p/w300/vwkTu1oe2hKC0zgsH0SF8UxltcU.jpg,"Kotayya (Ranga Rao) is a kind man. He marries Rami. She succumbs to pressure from Gopala Swamy and elopes with him, leaving her husband. Rami and Gopala successfully plan and send Kotayya to jail. After returning from jail, Kotayya becomes a rowdy drunkard. He plans to take revenge and kill Gopala Swamy.",1955-03-19,9.0,0,0,,South,395751
#NC 25,,,,,,0.0,0,0,,South,1631588
Vilambaram,,,https://image.tmdb.org/t/p/w300/sIZRmhAxMeAKCSS7KEQwzbuYSBI.jpg,"A romantic film directed by KA Suriyanithi, starring Abhinay Vaddi, Aishwarya Rajesh and Shri Ayrah in the lead roles.",2019-03-01,0.0,0,0,,South,585280
Uriyadi 2,Action Thriller,fight for justice chemical leak,https://image.tmdb.org/t/p/w300/s4A1TOGg5US0GwpM1tnP3KJxr5j.jpg,A young man struggles for justice for the victims who are affected by the chemical plant leakage which lead to many deaths in the village.,2019-04-05,7.0,0,0,,South,592875
Mettupatti Mirasu,Drama,,https://image.tmdb.org/t/p/w300/uUkkCtIx8WdYBIltDX0DJRekPXG.jpg,"Durai and Radha love each other but their relationship is opposed by Radha's nephew Shiva. The rift between Shiva and Durai widens further when Shiva's father, reveals that Durai is his son.",1994-07-15,0.0,0,0,,South,1613989
Baghdad Perazhagi,History Drama,,https://image.tmdb.org/t/p/w300/NSx0tDzeSkbY0V0sFI6Lou8qFg.jpg,"When Prince Abdullah returns home after completing his higher education, he learns that his mother and sister have gone missing. He decides to search for them while his father falls for a dancer.",1973-10-25,0.0,0,0,,South,940711
Pathavi Pramanam,Drama,,https://image.tmdb.org/t/p/w300/wo6CBuC43fdvJQia8U8lUsPf1fa.jpg,"The film begins with Siva escaping from jail, Siva is a convict who failed to kill the politician R. K. twice. At the transfer of power, R. K. will take oath as the new chief minister of Tamil Nadu, so he deploys heavy security to protect him from Siva. Before that, Siva manages to kidnap R. K. and hauled him to a television station. Siva tells his past to the audience and the reason behind the kidnapping.",1994-06-10,0.0,0,0,,South,1123609
Rocketry: The Nambi Effect,Drama History,based on true story,https://image.tmdb.org/t/p/w300/o7A1agEoXvwyyOmIbHnUhfnC34j.jpg,"The story of the great Indian rocket scientist, Shri Nambi Narayanan's life, a true patriot, who was turned into a villain in the blink of an eye after being falsely accused of treason.",2022-07-01,7.672,7900000,3900000,📉 Flop,South,607145
Vani Rani,Comedy Drama,,https://image.tmdb.org/t/p/w300/zU8zZ1od1NfFSZaB6U83BugiXo5.jpg,"Identical twins Vani and Rani are separated at birth. One is tortured by her abusive aunt while the other grows up as a street performer. However, their lives change forever when they swap places. A remake of 1972 Hindi film Seeta Aur Geeta.",1974-04-12,0.0,0,0,,South,946793
Flashback,Romance Comedy Action,,https://image.tmdb.org/t/p/w300/rH3Svoode1JouAuns60wZqFn6gO.jpg,,2025-09-05,3.0,0,0,,South,896453
Baththa,Thriller Drama,,https://image.tmdb.org/t/p/w300/bsFSlIwsH0Lrqo9TtGv4KwvgKS1.jpg,"In 1986 Madras, a timid eight-year-old boy accidentally traps a feared gangster inside a deserted school toilet. As the gangster is forced to confront hunger, loneliness and his own vulnerability, an unlikely bond begins to grow between the two, changing their lives forever.",2026-10-01,0.0,0,0,,South,1515692
Jackie,Action Thriller,,https://image.tmdb.org/t/p/w300/dF9rjRIk9eFeNNRpLmqkks6xDwM.jpg,,,0.0,0,0,,South,184
Oh Manapenne!,Drama Romance Comedy,,https://image.tmdb.org/t/p/w300/ktnozJlcNH9ffkvuKvn0gvnLxsn.jpg,A wannabe businesswoman and a happy-go-lucky guy meet each other during an arranged marriage blind date but eventually team up to start a food truck on their own.,2021-10-22,6.25,0,0,,South,884000
Ponniyin Selvan: Part II,Action Adventure History Drama,based on novel or book heir to the throne historical fiction 10th century,https://image.tmdb.org/t/p/w300/1fMM5yjLYJNfO3CSQBpfC1kqeIK.jpg,"968 AD. The Pandyan assassins gather once again to destroy the Chola dynasty. Now the mighty Chola princes must fight the Pandyas, the Rashtrakutas and other Chola enemies who have joined forces. Also, at play are the rumours of Ponniyin Selvan’s death at sea, the powerful Pazhuvettarayar’s betrayal, and the tragic destiny of Aditha Karikalan, whose heart was long lost to the vengeful Nandini.",2023-04-28,6.2,29500000,40000000,➖ Average,South,858082
Roja Maaligai,Drama Thriller,,https://image.tmdb.org/t/p/w300/cvr2b7Ak7VCNMnT31FUGjHRd1KK.jpg,,2018-07-06,0.0,0,0,,South,534275
Witness,Crime Thriller,,,"A serial killer known to target prostitutes is on the run. Vikram, a policeman, investigates the case and embarks on a mission to track him down.",1995-07-14,0.0,0,0,,South,48787
Scene,Action Comedy Drama,rebellious,https://image.tmdb.org/t/p/w300/kfc4w3OX8QsFm8f9MPUdmGheNl3.jpg,,2026-11-06,0.0,0,0,,South,1550338
Mahaan,Crime Action Drama,,https://image.tmdb.org/t/p/w300/rHcwUUy3gRVUEUepYOd7xkesiNf.jpg,"A man's family leaves him when he strays from the path of ideological living in his search for personal freedom. However, as he realizes his ambitions, he also misses the presence of his son in his life. Having fulfilled his dream of becoming a billionaire, does life give him a second chance to be a father?",2022-02-10,6.8,0,0,,South,804337
Enna Vilai,Drama Thriller,,https://image.tmdb.org/t/p/w300/cfDAwfo6z4KRAe9Cqv7mOzhc2I5.jpg,"A humble fisherman from Rameswaram lives a quiet life with his family until he finds a gold pendant washed ashore. What initially seems like a blessing soon turns into a nightmare when false accusations threaten his peace and dignity, forcing him to stand up against a powerful system.",2026-09-17,0.0,0,0,,South,1686999
Poovellaam Kettuppaar,Adventure Thriller,thriller 2020s tamil malaysia,https://image.tmdb.org/t/p/w300/wLjlGUQp6xdnlcfdPQ9ZOqqLnmD.jpg,"A research project pulls Sathiya and Kartigeyan into the isolated world of Maaran and Nathiya. As the past meets the present, one conversation is all it takes to change their lives forever.",2026-08-27,0.0,0,0,,South,1755757
Ganga Sati,Drama,,,Gangasati's spiritual odyssey leads her onto a path of becoming a saint-poet. She composes bhajans to inculcate devotion in her daughter-in-law Panbai.,1979-01-01,9.0,0,0,,South,991691
Sirai,Drama Romance,police officer transfer,https://image.tmdb.org/t/p/w300/mltVJD7mBayiw1BubwUL0cx6T1c.jpg,"As he transfers a young convict from prison to court, a police officer learns about the chain of events that led to the young man's conviction for violence.",2025-12-25,6.4,0,0,,South,1487142
